pid,firstName,lastName,email,gender,birthdate,age,country,city,phone,ip_address
920609185754,Jareb,Feavyour,jfeavyour0@techcrunch.com,Transsexual Person,2007-06-24,14,Czech Republic,Horní Počaply,,
747302046722,Cynthia,Ixer,cixer1@hud.gov,Agender,1978-01-10,43,China,Fangxi,458-198-8142,112.131.66.64
597130230431,Marita,Cumo,mcumo2@reverbnation.com,Transmasculine,2005-05-25,16,Solomon Islands,Gizo,106-543-0333,163.163.125.122
928341330409,Marjie,Kiellor,mkiellor3@cnn.com,Transgender Man,1967-03-12,54,Guinea,Dubréka,515-311-6390,125.186.169.117
744603075571,Alexi,Schiefersten,aschiefersten4@flickr.com,Transmasculine,1954-09-11,67,China,Huangtukuang,947-845-8221,200.46.106.28
885303927178,Dean,Devil,ddevil5@youtu.be,Cis,1962-09-14,59,China,Yitulihe,754-389-6784,69.123.183.3
656832384190,Nyssa,Pottberry,npottberry6@youku.com,Transgender Woman,1951-12-21,70,Brazil,Paraty,422-679-1060,225.154.79.181
187453128201,Bran,Marco,bmarco7@amazon.de,Gender Variant,1963-07-02,58,Argentina,Aguilares,964-224-4809,149.12.87.221
830442220357,Mair,Blaase,mblaase8@blogs.com,Transgender Male,1951-02-25,70,Poland,Raciąż,413-730-7970,76.175.53.24
342512369131,Tiffi,Skivington,tskivington9@kickstarter.com,Agender,1985-06-20,36,Thailand,Kut Bak,972-447-7843,38.210.70.48
852133501925,Rik,Lennard,rlennarda@miitbeian.gov.cn,Transfeminine,1995-06-01,26,Portugal,Fradelos,633-440-7568,166.117.242.231
232506530493,Lotti,Berthe,lbertheb@oracle.com,Neutrois,2004-12-24,17,Russia,Levashi,803-291-8585,3.7.94.140
503391609806,Patience,McInility,pmcinilityc@theglobeandmail.com,Transsexual Male,,,Czech Republic,Hořice,186-337-9467,119.199.168.103
325940798479,Delmer,Dignan,ddignand@biblegateway.com,Cisgender Female,1973-07-30,48,Azerbaijan,Sabunçu,519-282-8165,162.122.140.22
695125256508,Wilma,Smewin,wsmewine@eepurl.com,Androgyne,1985-10-15,36,Bosnia and Herzegovina,Tasovčići,372-263-2269,146.141.197.189
394837727797,Gabi,Lambertz,glambertzf@go.com,Gender Questioning,1958-12-13,63,Uruguay,Florida,846-148-8548,79.32.52.143
815494345201,Nikki,Gerritzen,ngerritzeng@people.com.cn,Agender,1971-10-13,50,Portugal,Prainha de Baixo,401-657-0197,23.110.236.145
157346277987,Robyn,Antalffy,rantalffyh@gmpg.org,Trans Female,1970-12-04,51,Brazil,Porteirinha,828-258-6374,95.219.224.220
698851652022,De witt,Snasdell,dsnasdelli@epa.gov,Transsexual Man,1998-10-26,23,China,Chengdong,536-929-9236,202.254.20.17
504015264130,Haslett,Klyner,hklynerj@sciencedaily.com,Cis Male,1993-09-13,28,Indonesia,Manokwari,371-361-8502,5.133.218.168
616645992336,Chevalier,Gilbank,cgilbankk@ebay.co.uk,Transgender Man,1976-03-19,45,France,Dammarie-les-Lys,477-145-1725,86.69.173.222
801151940101,Karilynn,Cisland,kcislandl@wisc.edu,Cis Man,1964-12-25,57,Syria,Aş Şūrah aş Şaghīrah,805-621-6095,115.136.244.187
790538009088,Burr,Perez,bperezm@intel.com,Transmasculine,1995-09-24,26,Mauritius,Saint Aubin,,
661055160140,Nessi,Wheildon,nwheildonn@reverbnation.com,Transsexual,2005-09-29,16,Sierra Leone,Daru,565-265-8061,38.176.216.157
195008069248,Francisco,Tune,ftuneo@tuttocitta.it,Transgender Man,1989-03-11,32,Botswana,Janeng,696-595-1576,63.143.57.246
146989799619,Austen,Brawley,abrawleyp@epa.gov,Transgender,1957-05-29,64,Russia,Preobrazheniye,348-362-0301,58.214.44.50
160000910649,Shanna,Hurrion,shurrionq@weebly.com,Trans Man,1982-07-28,39,Indonesia,Brangsi,268-397-8657,145.129.198.174
555089954137,Rufus,Bossingham,rbossinghamr@ucoz.com,Cis Male,1983-02-08,38,Oman,Bayt al ‘Awābī,768-247-3771,124.219.189.123
172518663264,Man,Lord,mlords@themeforest.net,Androgynous,1952-11-30,69,Sweden,Värmdö,450-527-0955,27.88.126.93
906626669713,Dudley,Sloy,dsloyt@netlog.com,Bigender,1950-07-05,71,China,Dongsheng,699-979-5048,147.44.131.161
241580044789,Loutitia,Barrabeale,lbarrabealeu@indiegogo.com,Trans Male,1974-03-07,47,Croatia,Lučko,200-940-0628,119.252.59.140
872550794770,Rinaldo,Cotgrave,rcotgravev@mozilla.com,Transsexual Woman,1966-04-17,55,Colombia,Aldana,836-980-8231,130.42.21.186
530528865459,Selig,Dabourne,sdabournew@ocn.ne.jp,Two-Spirit,1966-03-16,55,Czech Republic,Jaroměř,941-150-2724,229.113.141.115
998875944624,Ryan,Ricciardiello,rricciardiellox@symantec.com,Cis Woman,1982-06-05,39,Thailand,Bueng Sam Phan,169-129-7650,232.6.34.87
602092112325,Magnum,O' Mara,momaray@intel.com,Cisgender Man,1978-08-25,43,Lithuania,Elektrėnai,752-217-2512,4.162.243.164
296010916978,Aleda,Shallcroff,ashallcroffz@barnesandnoble.com,Trans Woman,1991-03-18,30,United States,Santa Barbara,805-115-0927,127.126.134.117
702914521804,Kevin,Leband,kleband10@privacy.gov.au,Trans Male,1951-02-11,70,China,Juanshui,264-730-7578,124.153.62.187
330810900313,Elli,Di Roberto,ediroberto11@networkadvertising.org,Androgynous,1994-08-02,27,France,Bourges,441-469-2060,107.28.4.255
465659225818,Roscoe,Rantoul,rrantoul12@msn.com,Two-Spirit,1992-12-26,29,United Kingdom,Birmingham,810-365-9520,114.171.96.133
554965079473,Melitta,Regitz,mregitz13@ebay.com,Male to Female,1972-01-26,49,Indonesia,Tengah,262-632-1857,55.180.68.115
696605745337,Berne,Bortolussi,bbortolussi14@craigslist.org,Transsexual,1955-10-27,66,Malaysia,Kuala Lumpur,825-584-2119,144.173.197.189
114037907295,Farrel,Jacobovitch,fjacobovitch15@bbc.co.uk,Transgender Person,2000-11-20,21,Sweden,Hovås,397-553-4561,97.23.65.128
772168302668,Carter,Markl,cmarkl16@admin.ch,Transgender Man,1960-02-13,61,Russia,Kupavna,730-337-2160,3.59.44.59
349027940612,Veradis,Eriksson,veriksson17@google.com,Male to Female,1950-12-08,71,China,Yushu,131-687-5781,216.34.162.101
789366261986,Noni,Tewelson,ntewelson18@simplemachines.org,Non-binary,1978-05-25,43,Indonesia,Telagasari,130-732-9409,234.10.131.31
588769435578,Stormy,Claw,sclaw19@foxnews.com,Transmasculine,1968-06-19,53,Israel,Rumat Heib,920-585-6445,127.69.211.155
744545265450,Lucilia,Trowel,ltrowel1a@meetup.com,Transsexual Woman,1955-03-24,66,China,Yanping,477-502-0407,222.72.71.29
241921175712,Alexandrina,Losbie,alosbie1b@nbcnews.com,FTM,1971-12-14,50,Peru,Mariposa,771-175-7206,45.23.5.29
938389236174,Linc,Bernardi,lbernardi1c@cyberchimps.com,Transgender Man,1967-04-06,54,Ukraine,Kuty,295-607-5680,85.10.6.152
644056214748,Jobyna,Cristofalo,jcristofalo1d@abc.net.au,Non-binary,1951-03-24,70,Yemen,Ţawr al Bāḩah,473-189-1315,109.3.89.133
457190574746,Odilia,Noddings,onoddings1e@xing.com,Neutrois,1974-04-12,47,Latvia,Jūrmala,811-122-8826,65.136.238.215
361037666845,Gerald,Doore,gdoore1f@diigo.com,Female to Male,1956-06-19,65,Ukraine,Kuznetsovs’k,701-619-4593,172.78.192.21
504739210971,Kean,Burniston,kburniston1g@cisco.com,Gender Fluid,2003-12-09,18,Taiwan,Taichung,561-462-0286,206.137.50.218
722625079148,Joeann,Pomphrey,jpomphrey1h@marketwatch.com,Gender Nonconforming,2006-02-10,15,Indonesia,Pojok,179-966-8692,102.18.124.12
755035145943,Alford,Pryce,apryce1i@nsw.gov.au,Transgender Male,1977-10-13,44,Indonesia,Cimalati,940-626-2607,82.201.17.109
654731618756,Emelita,Barden,ebarden1j@parallels.com,Androgyne,2002-12-07,19,Russia,Shushary,881-528-4903,117.192.201.113
907106710155,Ewen,Billitteri,ebillitteri1k@tumblr.com,Cisgender,1976-08-07,45,Greece,Páchni,783-514-1681,144.44.36.143
108596182377,Darbee,Hallowes,dhallowes1l@statcounter.com,FTM,2001-03-22,20,China,Huiwen,544-801-0604,8.8.145.85
265077567992,Karrie,Gummory,kgummory1m@pagesperso-orange.fr,Trans Woman,1977-01-13,44,Sweden,Tullinge,361-674-9184,6.209.27.175
861842766332,Corbett,Deakins,cdeakins1n@nhs.uk,Transmasculine,1960-08-28,61,Greece,Smínthi,882-164-0209,225.164.190.77
255308449762,Leo,Le Marchant,llemarchant1o@blogtalkradio.com,Transfeminine,1962-08-09,59,Poland,Miastko,930-159-2298,215.12.79.126
686606878397,Kassie,Lipsett,klipsett1p@mapy.cz,Cisgender,1961-03-26,60,Yemen,Al Khamīs,907-467-4237,110.94.227.88
848141542814,Martha,Annets,mannets1q@google.cn,Androgynous,1954-02-12,67,Mexico,San Jose,485-995-5442,201.94.233.151
381137184034,Lona,Bugs,lbugs1r@nhs.uk,Neutrois,2003-01-23,18,Thailand,Bang Kaeo,499-181-9302,3.70.228.104
615260910389,Normie,Bisseker,nbisseker1s@hibu.com,Two-Spirit,1982-04-29,39,Peru,Aija,134-975-0908,113.215.247.222
828861223611,Marketa,Albury,malbury1t@epa.gov,Androgyne,2002-05-18,19,Indonesia,Mataloko,366-933-9511,168.35.44.245
746846643439,Noreen,Knuckles,nknuckles1u@va.gov,Androgynous,1972-09-01,49,France,Paris 16,187-594-3719,14.110.79.99
666776162382,Geneva,Lamputt,glamputt1v@discuz.net,Trans,1977-01-21,44,Sweden,Hägersten,249-625-6200,218.19.178.175
354337823497,Cody,Theakston,ctheakston1w@google.co.uk,Pangender,1964-03-11,57,Spain,Valladolid,140-284-9166,246.80.57.129
719794269245,Bobbie,Wild,bwild1x@un.org,Cisgender,1975-03-14,46,Ukraine,Bilozerka,680-144-1594,138.106.153.43
447315316515,Mozes,Fendley,mfendley1y@meetup.com,Gender Fluid,1950-12-31,71,China,Nanyue,874-684-5433,87.146.183.232
314097797790,Barnard,Muat,bmuat1z@google.de,Cis Male,1990-12-24,31,Philippines,Estancia,652-455-9253,32.210.42.104
201608459480,Vassily,Wauchope,vwauchope20@seesaa.net,Cis Male,2000-03-09,21,Germany,Stuttgart Stuttgart-Mitte,100-505-5516,101.65.137.144
932446035639,Tucker,Pawson,tpawson21@narod.ru,Cis Male,1975-06-24,46,Greece,Katoúna,416-579-1371,175.238.227.150
510472560597,Elinore,Deeves,edeeves22@live.com,Intersex,2005-10-16,16,Bolivia,Nueva Manoa,811-639-1622,156.219.222.253
729224053396,Arden,Nealand,anealand23@arizona.edu,Transgender Female,1991-08-24,30,Ukraine,Chynadiyovo,794-983-1612,24.107.166.245
735883267855,Elisha,Bennit,ebennit24@delicious.com,Cis Male,1965-08-07,56,Russia,Ust’-Abakan,238-155-2802,247.246.53.203
320737608676,Brok,O'Flannery,boflannery25@digg.com,Cis Female,1970-05-18,51,Portugal,Quintã,401-953-8420,183.115.225.236
269406353585,Seth,Pettigrew,spettigrew26@squidoo.com,Trans Woman,1961-12-29,60,China,Pudong,346-251-1188,229.186.153.41
103513392273,Gracie,Furmston,gfurmston27@theatlantic.com,Androgynous,1969-04-08,52,China,Damaying,237-942-4687,235.26.10.245
349777939399,Jefferey,Daniel,jdaniel28@google.es,Cisgender Female,1991-08-16,30,France,Le Mans,546-770-4558,79.75.91.104
997769505417,Jens,Phippard,jphippard29@gnu.org,Agender,1981-04-07,40,Philippines,Bacag,346-254-4897,125.18.227.199
580834014975,Kandy,Gallacher,kgallacher2a@mozilla.com,Cis Woman,1993-03-20,28,Russia,Tbilisskaya,898-188-3341,214.174.199.136
566341388117,Velvet,Sibly,vsibly2b@imdb.com,Cisgender Female,1986-08-04,35,Slovenia,Laško,281-201-3260,10.177.134.85
641806993659,Noble,Poultney,npoultney2c@washington.edu,Female to Male,1960-12-08,61,Portugal,Corujeira,805-719-6973,241.81.76.225
202436001176,Sophia,Parman,sparman2d@sciencedaily.com,Male to Female,1976-01-06,45,China,Jingling,582-854-4379,63.63.29.255
579579315268,Robinia,Hars,rhars2e@weibo.com,Gender Variant,,,Colombia,San Luis,356-564-4828,13.153.5.88
652812744797,Annice,Cerie,acerie2f@mediafire.com,Other,1996-10-16,25,Yemen,Al Ghayl,705-219-4373,2.116.158.93
971531592663,Keeley,Semkins,ksemkins2g@disqus.com,Pangender,1962-04-03,59,China,Luoping,830-281-3988,216.21.66.240
928527802254,Tyler,Gilhool,tgilhool2h@phpbb.com,Gender Variant,1954-08-21,67,Guatemala,Sayaxché,952-949-0696,90.60.234.43
698252624206,Cherish,Purkins,cpurkins2i@behance.net,Androgyne,1997-05-10,24,Indonesia,Susoh,130-425-2651,212.68.45.148
629724586407,Davine,Fennelow,dfennelow2j@springer.com,Cis Man,1996-01-07,25,China,Sishilichengzi,833-603-4389,215.39.139.215
896096601922,Stacy,Rens,srens2k@4shared.com,Gender Variant,1992-02-11,29,Japan,Namerikawa,100-750-9917,2.147.112.225
447666774082,Stormi,Stubley,sstubley2l@buzzfeed.com,Trans Woman,1999-10-18,22,Philippines,Biasong,350-622-9973,102.136.67.171
997938528746,Cloe,Madine,cmadine2m@biblegateway.com,Gender Nonconforming,2001-09-24,20,Uzbekistan,Tomdibuloq,466-440-7203,99.48.252.238
920559162037,Dorey,Held,dheld2n@howstuffworks.com,Male to Female,1968-06-11,53,Indonesia,Cipasung,839-941-6009,7.194.188.129
977186544660,Martin,Misson,mmisson2o@cpanel.net,Cisgender Man,1982-03-07,39,Poland,Glinojeck,866-187-3246,116.123.246.98
783017099994,Chloris,Gilham,cgilham2p@wikipedia.org,Gender Questioning,1952-12-11,69,China,Qingshui,202-354-4394,29.32.214.199
221237376095,Sammy,Aldwich,saldwich2q@canalblog.com,Trans Male,1980-03-12,41,China,Caofang,578-846-8354,28.100.52.109
330626240217,Reginauld,Greatbank,rgreatbank2r@amazon.com,Transgender Person,1953-02-04,68,Benin,Abomey,521-151-4652,231.231.54.136
