id,fname,lname,email,gender,date_of_birth,country,account_created_date,phone
1,Albert,Pattemore,apattemore0@sina.com.cn,Non-binary,3/10/2000,China,8/3/2020,899-920-9303
2,Madalyn,Munks,mmunks1@nature.com,Agender,5/20/2000,Croatia,5/29/2020,621-742-4553
3,Craggie,Rey,crey2@sbwire.com,Polygender,1/21/2001,Costa Rica,3/7/2021,192-740-0225
4,Jillie,Jacques,jjacques3@linkedin.com,Genderqueer,4/5/2000,China,4/29/2020,445-832-3092
5,Yale,Balf,ybalf4@hp.com,Female,7/30/2000,Poland,6/7/2020,920-648-2116
6,Ray,MacKowle,rmackowle5@exblog.jp,Bigender,1/19/2001,China,5/16/2021,999-306-7691
7,Claudell,Johanssen,cjohanssen6@gizmodo.com,Agender,2/25/2001,China,8/14/2020,888-404-7939
8,Rosa,Valerius,rvalerius7@addthis.com,Bigender,3/27/2000,Azerbaijan,1/20/2021,610-944-4693
9,Kessia,Stallan,kstallan8@nsw.gov.au,Non-binary,8/14/2000,Ukraine,10/2/2020,664-108-4958
10,Maris,Cattroll,mcattroll9@hhs.gov,Non-binary,8/27/2000,Aland Islands,5/10/2020,340-293-8775
11,Ruben,Bendley,rbendleya@yahoo.co.jp,Bigender,1/17/2000,Guadeloupe,5/4/2021,149-747-9724
12,Godart,Shrawley,gshrawleyb@123-reg.co.uk,Female,12/24/2001,China,3/6/2021,174-748-5195
13,Bee,Bruhnke,bbruhnkec@si.edu,Polygender,3/24/2001,Philippines,2/7/2021,373-835-1362
14,Demetria,Cosson,dcossond@cocolog-nifty.com,Male,10/20/2000,Ukraine,3/23/2021,487-506-4834
15,Arabella,Tupp,atuppe@rakuten.co.jp,Male,1/30/2001,Portugal,5/15/2021,600-978-5389
16,Dion,Brown,dbrownf@zimbio.com,Agender,4/2/2001,Russia,6/23/2020,458-119-4672
17,Alexei,Gaine,againeg@gov.uk,Agender,9/23/2000,China,3/20/2021,963-783-5404
18,Neal,Salaman,nsalamanh@shutterfly.com,Non-binary,10/27/2001,Indonesia,11/22/2020,764-638-0472
19,Johannah,Keeping,jkeepingi@a8.net,Agender,7/14/2000,China,9/8/2020,410-599-3562
20,Cordelia,Ribchester,cribchesterj@booking.com,Female,11/22/2001,Russia,3/19/2020,641-534-1184
21,Tommie,Pavlov,tpavlovk@ebay.co.uk,Bigender,6/25/2000,China,4/14/2020,532-175-8565
22,Wanids,Romke,wromkel@mozilla.com,Agender,12/3/2001,France,3/28/2021,841-586-5111
23,Brigid,Pleager,bpleagerm@hexun.com,Female,3/6/2001,Indonesia,3/5/2020,414-946-4491
24,Wolfy,Flawith,wflawithn@angelfire.com,Genderfluid,5/20/2001,China,4/6/2021,136-761-2093
25,Koralle,Nottingam,knottingamo@google.it,Male,5/30/2001,China,5/18/2020,626-640-8573
26,Demetris,Terrill,dterrillp@dion.ne.jp,Female,6/17/2001,Portugal,11/26/2020,479-347-2451
27,Jethro,Wimp,jwimpq@privacy.gov.au,Polygender,10/28/2000,Russia,5/1/2020,512-404-9036
28,Ynes,D'Antonio,ydantonior@typepad.com,Agender,4/1/2000,Thailand,5/10/2020,265-292-0212
29,Shirley,Reichert,sreicherts@marketwatch.com,Agender,6/30/2000,Canada,1/18/2020,642-317-4778
30,Richardo,Dunbobbin,rdunbobbint@wisc.edu,Non-binary,7/2/2001,Czech Republic,5/7/2020,848-998-8008
31,Agretha,Cowpe,acowpeu@mashable.com,Bigender,12/26/2001,Peru,4/14/2020,243-863-6387
32,Derby,Barniss,dbarnissv@aol.com,Polygender,9/12/2001,Sweden,2/22/2020,909-611-8521
33,Jemmie,Dowry,jdowryw@instagram.com,Non-binary,10/15/2001,Poland,5/18/2021,783-688-5529
34,Aaren,Bootyman,abootymanx@bizjournals.com,Male,11/25/2000,Brazil,3/29/2021,567-895-6020
35,Sherlocke,Staneland,sstanelandy@squarespace.com,Female,1/1/2001,Tanzania,10/5/2020,619-634-5347
36,Cinderella,Jeannon,cjeannonz@surveymonkey.com,Male,6/6/2001,Lebanon,2/22/2021,991-935-0484
37,Arline,Duetsche,aduetsche10@wisc.edu,Female,7/5/2000,Brazil,5/30/2021,357-316-2066
38,Lorena,Bragg,lbragg11@free.fr,Polygender,2/6/2001,Philippines,8/2/2020,126-666-4846
39,Pavel,Brinklow,pbrinklow12@privacy.gov.au,Female,3/7/2001,France,1/19/2021,192-361-3781
40,Dasi,Oldroyde,doldroyde13@noaa.gov,Genderqueer,1/8/2000,Indonesia,2/13/2020,433-848-5851
41,Babbie,Gane,bgane14@rambler.ru,Non-binary,6/29/2000,Netherlands,1/22/2021,818-122-4855
42,Gillian,Shailer,gshailer15@tiny.cc,Genderqueer,11/28/2000,Philippines,11/26/2020,641-437-1375
43,Caritta,Janssens,cjanssens16@twitpic.com,Genderfluid,7/31/2001,China,5/11/2021,524-401-5941
44,Garrett,Wrightham,gwrightham17@ftc.gov,Male,1/8/2001,China,1/19/2020,938-315-7084
45,Sylas,Snarie,ssnarie18@blog.com,Non-binary,6/9/2001,Ireland,6/21/2021,621-123-4441
46,Mikkel,Yakobovitz,myakobovitz19@prlog.org,Bigender,9/28/2000,South Africa,2/6/2020,477-237-6028
47,Katharine,Okey,kokey1a@bigcartel.com,Bigender,10/28/2001,Malaysia,11/19/2020,659-932-0559
48,Dionysus,Childs,dchilds1b@canalblog.com,Non-binary,9/1/2000,China,4/3/2020,134-507-1926
49,Jack,Blackall,jblackall1c@yandex.ru,Polygender,5/29/2001,China,3/11/2021,962-800-6371
50,Constantin,Glide,cglide1d@bing.com,Non-binary,7/15/2000,Ecuador,3/30/2021,167-257-3139
51,Travis,Yakovich,tyakovich1e@macromedia.com,Agender,2/14/2001,France,5/2/2021,442-679-4897
52,Salome,Dublin,sdublin1f@goo.ne.jp,Male,8/2/2000,France,4/8/2020,971-335-5074
53,Dore,Manning,dmanning1g@hatena.ne.jp,Polygender,8/22/2000,Cuba,6/9/2020,432-517-9594
54,Nickolas,Houchin,nhouchin1h@skyrock.com,Agender,1/19/2001,Portugal,11/17/2020,344-981-9232
55,Estevan,Wasbrough,ewasbrough1i@ning.com,Genderqueer,10/18/2001,Russia,2/26/2020,575-859-5347
56,Janos,Gaskell,jgaskell1j@weather.com,Non-binary,6/29/2000,China,3/9/2020,497-708-3425
57,Melita,Scatcher,mscatcher1k@jigsy.com,Non-binary,4/15/2000,Bangladesh,3/18/2020,530-803-6376
58,Agace,Mangion,amangion1l@timesonline.co.uk,Genderqueer,12/5/2000,Belarus,7/29/2020,951-194-2355
59,Janis,Heigl,jheigl1m@php.net,Genderfluid,2/20/2001,China,8/5/2020,322-489-5938
60,Jean,Zimmer,jzimmer1n@craigslist.org,Genderqueer,8/7/2001,Russia,1/16/2020,997-517-1959
61,Ronalda,Cureton,rcureton1o@wikipedia.org,Polygender,9/11/2001,Bolivia,6/26/2020,383-810-8951
62,Batsheva,Bellchamber,bbellchamber1p@csmonitor.com,Polygender,7/6/2001,China,2/14/2020,885-674-2214
63,Lisa,Felkin,lfelkin1q@ucoz.com,Non-binary,11/22/2000,China,11/2/2020,868-364-8932
64,Amelina,Broadey,abroadey1r@hao123.com,Bigender,11/7/2001,Russia,5/21/2020,116-786-3615
65,Terrel,Schaumann,tschaumann1s@histats.com,Polygender,9/3/2001,Republic of the Congo,6/19/2021,666-143-5750
66,Kessia,Gooly,kgooly1t@woothemes.com,Polygender,2/28/2000,France,6/12/2021,288-304-3390
67,Flory,Lilian,flilian1u@businessweek.com,Agender,11/26/2001,Indonesia,2/22/2020,893-798-1868
68,Vernen,Fender,vfender1v@illinois.edu,Non-binary,4/7/2001,Uzbekistan,6/4/2021,662-340-4528
69,Emerson,Wellbeloved,ewellbeloved1w@whitehouse.gov,Bigender,10/12/2000,Mexico,3/8/2020,370-202-3197
70,Cassey,Waycot,cwaycot1x@amazon.co.uk,Female,11/1/2000,Japan,8/12/2020,671-247-5427
71,Meredithe,Wevell,mwevell1y@ask.com,Genderqueer,9/15/2000,Slovenia,2/14/2021,412-348-6046
72,Jeth,Fraczkiewicz,jfraczkiewicz1z@japanpost.jp,Agender,2/10/2000,Vietnam,2/8/2021,947-604-8547
73,Lucais,Menichino,lmenichino20@clickbank.net,Female,1/30/2000,Armenia,4/16/2021,810-178-6123
74,Tami,Davidde,tdavidde21@soup.io,Bigender,3/21/2000,Philippines,3/8/2021,435-991-7449
75,Dianna,Waind,dwaind22@blogger.com,Polygender,7/30/2001,Brazil,12/25/2020,447-840-6638
76,Mike,Casolla,mcasolla23@cisco.com,Agender,9/6/2001,China,6/17/2020,506-208-9210
77,Meryl,Fairfoot,mfairfoot24@reuters.com,Bigender,5/28/2001,Vietnam,7/15/2020,662-588-0043
78,Michaella,Bracegirdle,mbracegirdle25@timesonline.co.uk,Agender,9/16/2000,China,1/22/2021,868-189-9251
79,Lorene,Waith,lwaith26@pen.io,Agender,4/21/2001,Indonesia,3/12/2020,891-805-9694
80,Lucien,Larraway,llarraway27@qq.com,Male,9/8/2001,Netherlands,7/5/2020,249-309-5784
81,Wylie,Raeside,wraeside28@jigsy.com,Agender,4/12/2001,China,7/10/2020,489-463-8595
82,Daisi,Clulow,dclulow29@discovery.com,Non-binary,11/2/2000,Morocco,10/26/2020,407-454-5183
83,Barbaraanne,Palluschek,bpalluschek2a@tripadvisor.com,Bigender,8/16/2001,Ukraine,11/8/2020,449-785-9993
84,Alyssa,Leabeater,aleabeater2b@ning.com,Agender,7/4/2000,China,4/21/2021,774-292-4292
85,Allan,Loddon,aloddon2c@mysql.com,Genderqueer,7/26/2001,Philippines,8/30/2020,843-205-5688
86,Syd,Lawlor,slawlor2d@eventbrite.com,Genderqueer,2/28/2000,Canada,10/19/2020,912-320-0119
87,Osmund,Francescozzi,ofrancescozzi2e@timesonline.co.uk,Agender,6/27/2001,Brazil,5/27/2020,107-401-4530
88,Mira,Tarte,mtarte2f@addthis.com,Genderqueer,2/19/2000,France,6/8/2021,484-880-5669
89,Cele,MacGorman,cmacgorman2g@blogs.com,Agender,7/30/2000,Nigeria,10/22/2020,431-612-1583
90,Wolfy,Hawkey,whawkey2h@redcross.org,Agender,3/10/2001,Indonesia,12/20/2020,734-498-7864
91,Indira,Rashleigh,irashleigh2i@cam.ac.uk,Genderqueer,12/20/2001,Portugal,5/13/2020,780-793-0007
92,Maegan,Shitliff,mshitliff2j@usa.gov,Genderqueer,8/2/2001,China,10/9/2020,813-185-1388
93,Gregorio,Chilver,gchilver2k@yale.edu,Genderqueer,4/1/2001,Czech Republic,3/9/2020,125-942-6197
94,Ezmeralda,Ishchenko,eishchenko2l@youtu.be,Polygender,6/22/2001,China,10/12/2020,609-822-6822
95,Culver,Shimmin,cshimmin2m@ehow.com,Non-binary,8/13/2001,Indonesia,10/15/2020,423-237-7416
96,Aridatha,Dockwra,adockwra2n@live.com,Male,6/14/2001,Portugal,4/8/2021,450-967-2031
97,Judye,Hansom,jhansom2o@time.com,Polygender,11/15/2000,China,11/2/2020,737-422-0200
98,Otho,Studdert,ostuddert2p@pagesperso-orange.fr,Genderfluid,5/12/2000,Poland,10/14/2020,121-958-9683
99,Antonia,Cleever,acleever2q@wufoo.com,Agender,8/16/2001,Greece,4/1/2020,892-255-4598
100,Meredithe,Blamphin,mblamphin2r@gov.uk,Male,9/12/2001,Sudan,7/18/2020,911-996-4214
101,Correna,Ickovic,cickovic2s@wufoo.com,Male,10/11/2001,Japan,2/24/2021,542-321-8048
102,Lionello,Bosse,lbosse2t@sun.com,Male,4/11/2001,Indonesia,1/28/2020,499-534-9052
103,Kally,Balf,kbalf2u@salon.com,Polygender,8/14/2000,Panama,11/11/2020,758-854-7883
104,Erv,Rowesby,erowesby2v@techcrunch.com,Agender,1/6/2001,Serbia,3/24/2020,441-983-6609
105,Christiana,Tallon,ctallon2w@qq.com,Non-binary,4/16/2000,China,5/21/2021,442-378-5380
106,Chadwick,Teodori,cteodori2x@ifeng.com,Female,2/2/2001,Serbia,12/30/2020,769-660-8850
107,Athena,Hearnshaw,ahearnshaw2y@jiathis.com,Polygender,12/18/2000,Morocco,4/9/2020,510-768-7022
108,Helaina,Fotherby,hfotherby2z@earthlink.net,Female,12/11/2001,China,6/6/2020,725-995-0387
109,Sinclare,MacShane,smacshane30@cargocollective.com,Agender,8/12/2001,Sweden,4/28/2021,363-459-2894
110,Franny,Lambrecht,flambrecht31@virginia.edu,Male,8/28/2000,Portugal,2/29/2020,501-726-3234
111,Sherman,Mayhew,smayhew32@diigo.com,Agender,10/17/2001,Sweden,1/13/2020,203-981-0430
112,Mannie,Bilbie,mbilbie33@moonfruit.com,Genderfluid,7/6/2000,Dominican Republic,5/23/2020,291-823-6261
113,Eduard,Thomlinson,ethomlinson34@smh.com.au,Polygender,7/20/2000,Lebanon,11/27/2020,278-739-2208
114,Tony,Rushsorth,trushsorth35@dedecms.com,Non-binary,1/16/2001,Czech Republic,11/1/2020,413-942-6337
115,Daniela,Lovick,dlovick36@unblog.fr,Female,4/25/2000,China,6/17/2021,593-324-4356
116,Christina,Albertson,calbertson37@imageshack.us,Genderfluid,4/28/2000,Peru,8/22/2020,643-577-4466
117,Davine,Pietsma,dpietsma38@photobucket.com,Bigender,3/25/2001,China,4/16/2021,166-745-6288
118,Danica,Vernazza,dvernazza39@businesswire.com,Non-binary,10/4/2001,Sweden,12/4/2020,399-523-3492
119,Berget,Vaneschi,bvaneschi3a@wiley.com,Agender,11/14/2001,France,2/9/2021,328-421-9239
120,Amanda,Klimochkin,aklimochkin3b@qq.com,Female,7/15/2001,France,3/27/2021,900-795-1624
121,Robenia,Schoffel,rschoffel3c@wisc.edu,Bigender,2/21/2000,Vietnam,5/9/2021,551-880-8189
122,Bert,Guage,bguage3d@examiner.com,Bigender,10/12/2001,China,6/4/2021,799-630-1729
123,Marcella,Windrass,mwindrass3e@jigsy.com,Female,3/24/2000,Argentina,4/4/2020,168-209-0344
124,Westleigh,Kornyakov,wkornyakov3f@army.mil,Polygender,7/3/2000,Thailand,7/20/2020,170-708-4254
125,Karlene,McCrystal,kmccrystal3g@blogger.com,Genderqueer,7/12/2000,Russia,6/26/2021,921-306-9341
126,Auberon,Chadwick,achadwick3h@sphinn.com,Female,12/8/2000,Belarus,5/9/2020,433-595-3665
127,Valina,Johnston,vjohnston3i@go.com,Non-binary,2/16/2000,Portugal,7/24/2020,864-145-7267
128,Arly,Weald,aweald3j@odnoklassniki.ru,Polygender,12/5/2000,United States,4/29/2021,573-637-1715
129,Filippa,Shilladay,fshilladay3k@live.com,Male,11/25/2001,Vietnam,2/28/2021,856-980-0547
130,Daniele,McIntosh,dmcintosh3l@pagesperso-orange.fr,Female,10/13/2001,China,4/9/2021,375-731-3609
131,Lizzy,Duffrie,lduffrie3m@mit.edu,Polygender,5/13/2000,Ecuador,5/23/2021,706-548-9139
132,Chere,Ewols,cewols3n@mit.edu,Female,12/3/2001,Indonesia,4/30/2020,800-403-2769
133,Pascal,Bencher,pbencher3o@china.com.cn,Genderqueer,3/24/2000,China,1/19/2021,471-295-1982
134,Akim,Perrins,aperrins3p@abc.net.au,Bigender,5/16/2001,Russia,2/15/2021,935-487-1106
135,Northrup,Brand,nbrand3q@statcounter.com,Polygender,6/6/2000,Yemen,3/21/2021,569-491-3659
136,Monah,Doles,mdoles3r@sphinn.com,Bigender,3/9/2001,Morocco,6/18/2020,951-109-7991
137,Beau,Minghella,bminghella3s@liveinternet.ru,Genderqueer,7/9/2000,Egypt,1/27/2021,809-672-9513
138,Giraud,Trowsdale,gtrowsdale3t@posterous.com,Male,3/2/2001,Indonesia,9/13/2020,233-822-3392
139,Linnet,Leatham,lleatham3u@zimbio.com,Female,8/31/2000,Mexico,9/21/2020,684-185-3094
140,Beryl,Pickersail,bpickersail3v@ucoz.ru,Female,10/27/2000,Colombia,3/26/2020,827-338-7485
141,Anthony,Begwell,abegwell3w@google.ru,Genderqueer,1/19/2000,China,5/12/2021,486-957-0230
142,Neda,O'Regan,noregan3x@stumbleupon.com,Bigender,7/19/2001,Macedonia,6/28/2021,731-645-8345
143,Roslyn,Gelly,rgelly3y@hao123.com,Genderfluid,12/17/2000,Portugal,7/19/2020,346-389-2514
144,Ted,Warfield,twarfield3z@about.com,Genderqueer,3/17/2001,Chile,3/14/2021,544-941-5843
145,Cobbie,Barnes,cbarnes40@uol.com.br,Genderqueer,5/6/2000,China,5/20/2021,931-204-3427
146,Sydney,Fratson,sfratson41@geocities.jp,Non-binary,9/8/2000,Philippines,5/8/2021,899-790-7979
147,Issi,Liverseege,iliverseege42@symantec.com,Genderqueer,11/27/2000,China,9/19/2020,507-158-0586
148,Court,Hadley,chadley43@army.mil,Non-binary,10/15/2001,Indonesia,6/15/2020,608-730-8858
149,Dela,Arger,darger44@freewebs.com,Genderqueer,9/8/2000,Vietnam,8/27/2020,681-910-1573
150,Virginie,Doggrell,vdoggrell45@reuters.com,Male,12/16/2000,Russia,11/18/2020,162-777-7170
151,Tandi,Thor,tthor46@census.gov,Agender,4/16/2000,China,6/17/2021,968-852-7110
152,Adelaida,Trayton,atrayton47@huffingtonpost.com,Non-binary,6/29/2000,Portugal,10/7/2020,855-318-6547
153,Hermann,Kidwell,hkidwell48@unc.edu,Agender,10/27/2000,China,5/8/2021,755-387-2744
154,Reggis,Buckle,rbuckle49@wp.com,Bigender,11/20/2000,Nigeria,5/7/2020,353-771-6577
155,Torre,Ambrosch,tambrosch4a@ow.ly,Female,6/28/2000,France,12/9/2020,269-129-5030
156,Wilmette,Emmett,wemmett4b@marketwatch.com,Bigender,10/21/2001,China,3/12/2020,685-522-9728
157,Toma,Betteney,tbetteney4c@about.com,Polygender,10/23/2001,Russia,12/27/2020,526-858-5144
158,Augy,Dearnly,adearnly4d@apache.org,Agender,9/23/2001,Philippines,12/2/2020,250-676-5689
159,Anni,Klimontovich,aklimontovich4e@geocities.jp,Genderfluid,11/4/2001,Poland,3/17/2021,164-376-8620
160,Fae,De Ruel,fderuel4f@shutterfly.com,Genderqueer,10/31/2001,Honduras,5/31/2021,846-962-3642
161,Noak,Stonman,nstonman4g@trellian.com,Polygender,8/16/2001,Peru,6/23/2021,788-888-3046
162,Leilah,Turvey,lturvey4h@shop-pro.jp,Female,5/20/2001,United States,9/9/2020,254-704-2760
163,Suzette,Whorlow,swhorlow4i@discovery.com,Polygender,6/18/2001,Bosnia and Herzegovina,1/30/2020,607-229-0643
164,Bradford,MacAndrew,bmacandrew4j@ehow.com,Female,9/20/2001,Macedonia,12/20/2020,644-470-7284
165,Antonin,Louca,alouca4k@twitpic.com,Genderqueer,3/17/2001,Philippines,9/27/2020,951-149-1192
166,Harrie,Madoc-Jones,hmadocjones4l@home.pl,Bigender,7/18/2000,Russia,11/16/2020,168-274-3636
167,Sanson,Lief,slief4m@prnewswire.com,Bigender,11/6/2001,Indonesia,12/30/2020,103-695-5135
168,Rubin,Corneille,rcorneille4n@wix.com,Non-binary,2/14/2000,Philippines,2/12/2021,709-244-3483
169,Bren,Divine,bdivine4o@youku.com,Bigender,1/24/2001,Philippines,4/22/2020,280-356-5289
170,Filmore,Beardon,fbeardon4p@globo.com,Genderfluid,7/29/2000,France,3/16/2021,541-596-5635
171,Barbee,Stokey,bstokey4q@ifeng.com,Non-binary,10/30/2000,China,11/9/2020,974-292-4950
172,Winifield,Fawdrey,wfawdrey4r@google.co.jp,Genderqueer,10/9/2000,Indonesia,2/8/2021,275-612-3060
173,Morgen,Kleinstein,mkleinstein4s@whitehouse.gov,Polygender,6/3/2000,Canada,2/2/2021,506-518-1682
174,Hinda,Pantecost,hpantecost4t@scribd.com,Male,11/11/2000,China,3/15/2020,706-807-3404
175,Dalt,Blitz,dblitz4u@imdb.com,Polygender,1/23/2001,Serbia,7/13/2020,597-222-5296
176,Marcia,Selley,mselley4v@rediff.com,Genderfluid,4/9/2000,Philippines,8/22/2020,387-189-6212
177,Eliza,Gouck,egouck4w@plala.or.jp,Male,11/12/2000,China,4/16/2021,564-117-9816
178,Ainsley,Geerdts,ageerdts4x@ox.ac.uk,Agender,1/10/2001,Indonesia,6/2/2021,308-649-7777
179,Thom,Woof,twoof4y@wunderground.com,Non-binary,8/6/2000,Netherlands,8/6/2020,991-244-3478
180,Helene,Diamant,hdiamant4z@psu.edu,Agender,8/4/2000,China,1/8/2021,575-990-6294
181,Frederich,Holley,fholley50@mtv.com,Female,6/29/2001,Poland,6/24/2021,731-792-6385
182,Preston,Noble,pnoble51@scribd.com,Male,11/25/2000,Colombia,6/9/2020,676-780-8587
183,Tabbitha,Priestland,tpriestland52@technorati.com,Polygender,6/14/2001,Finland,11/9/2020,156-431-9097
184,Cordie,Erbe,cerbe53@infoseek.co.jp,Male,8/18/2001,Benin,3/11/2021,739-696-9932
185,Pieter,Vaen,pvaen54@senate.gov,Agender,6/27/2000,China,12/17/2020,937-102-0521
186,Deck,Vinas,dvinas55@gnu.org,Bigender,12/21/2001,China,4/12/2020,404-558-5927
187,Isidro,Tomczynski,itomczynski56@samsung.com,Male,8/26/2001,Indonesia,4/6/2020,254-306-2696
188,Celka,Crabtree,ccrabtree57@wsj.com,Male,7/13/2001,Central African Republic,3/11/2021,563-369-8414
189,Ethelred,Duncan,eduncan58@state.gov,Genderfluid,11/28/2001,Sweden,5/10/2020,247-966-7857
190,Ted,Creebo,tcreebo59@hibu.com,Agender,10/31/2001,Yemen,8/23/2020,975-975-9463
191,Cris,Sugg,csugg5a@discuz.net,Non-binary,1/24/2001,China,9/13/2020,673-892-8815
192,Lynnet,Nelius,lnelius5b@theguardian.com,Polygender,8/5/2000,Botswana,4/27/2020,762-665-8080
193,Teresa,Moody,tmoody5c@zdnet.com,Polygender,8/12/2000,Ukraine,6/12/2020,174-853-3859
194,Marja,Lamanby,mlamanby5d@quantcast.com,Non-binary,6/16/2001,Poland,2/18/2020,468-622-7195
195,Garv,Gurys,ggurys5e@myspace.com,Female,10/25/2000,Indonesia,9/4/2020,360-814-7942
196,Freddie,Norwood,fnorwood5f@seattletimes.com,Female,2/19/2000,Nigeria,8/12/2020,518-976-6241
197,Sonya,De Laspee,sdelaspee5g@jalbum.net,Agender,9/23/2001,Nepal,12/8/2020,252-390-2324
198,Chantal,Greguoli,cgreguoli5h@mayoclinic.com,Bigender,7/20/2001,Brazil,2/21/2020,892-645-5938
199,Catlin,Haddington,chaddington5i@themeforest.net,Bigender,2/27/2001,Bangladesh,4/2/2020,140-832-5623
200,Maryanne,Measor,mmeasor5j@washington.edu,Non-binary,12/16/2001,Philippines,11/9/2020,647-503-0854
201,Elsworth,Broe,ebroe5k@reverbnation.com,Genderqueer,1/9/2001,Poland,6/26/2020,123-582-4704
202,Reuven,Oleshunin,roleshunin5l@discuz.net,Polygender,10/30/2000,Indonesia,5/31/2021,758-366-3642
203,Cammy,Futty,cfutty5m@economist.com,Male,9/6/2000,Indonesia,5/28/2021,141-505-4040
204,Brendis,Letten,bletten5n@senate.gov,Male,5/16/2000,Russia,2/1/2020,504-302-3683
205,Jarvis,Hansill,jhansill5o@vimeo.com,Genderfluid,1/7/2001,China,2/19/2020,167-695-4824
206,Marcile,Kondratyuk,mkondratyuk5p@diigo.com,Female,5/28/2001,United States,3/19/2021,727-992-3583
207,Tabbie,McCooke,tmccooke5q@google.nl,Genderfluid,10/9/2001,Moldova,4/6/2021,826-169-6318
208,Jori,Bingley,jbingley5r@4shared.com,Genderfluid,1/24/2001,Cuba,12/18/2020,782-672-9860
209,Heriberto,Taillant,htaillant5s@youtu.be,Non-binary,4/25/2000,Slovenia,2/20/2021,896-823-0865
210,Lyell,Bril,lbril5t@ustream.tv,Non-binary,11/20/2000,Saint Kitts and Nevis,4/22/2021,350-298-3887
211,Moira,Follen,mfollen5u@businesswire.com,Genderqueer,12/11/2001,North Korea,11/7/2020,671-330-7104
212,Derek,Ongin,dongin5v@usgs.gov,Polygender,7/19/2001,China,1/23/2020,835-513-1088
213,Pascale,Drinkall,pdrinkall5w@delicious.com,Non-binary,4/26/2000,Greece,4/14/2021,967-658-9875
214,Sharyl,Mattis,smattis5x@facebook.com,Polygender,8/28/2000,Argentina,3/2/2020,858-668-1192
215,Payton,Stodart,pstodart5y@shop-pro.jp,Non-binary,5/19/2000,New Zealand,4/29/2021,420-374-7823
216,Blane,De la Harpe,bdelaharpe5z@alexa.com,Genderqueer,2/16/2001,China,2/17/2020,844-477-1310
217,Travers,Swane,tswane60@google.nl,Bigender,4/8/2000,China,4/16/2021,278-959-2276
218,Filia,Konzelmann,fkonzelmann61@cdbaby.com,Genderqueer,4/16/2001,Czech Republic,5/26/2021,936-197-2947
219,Arda,Guerre,aguerre62@fema.gov,Bigender,5/23/2001,China,10/15/2020,269-624-4108
220,Catie,Persicke,cpersicke63@php.net,Agender,7/14/2000,Russia,4/18/2021,878-451-3889
221,Gertrude,Wightman,gwightman64@yolasite.com,Agender,6/2/2001,Indonesia,1/4/2021,158-511-7280
222,Pamelina,Grenshields,pgrenshields65@earthlink.net,Genderfluid,9/6/2000,Indonesia,12/14/2020,627-510-7937
223,Hewe,Kann,hkann66@nsw.gov.au,Bigender,10/28/2001,China,6/10/2021,915-854-3081
224,Wilhelmina,Schenkel,wschenkel67@statcounter.com,Male,5/1/2000,Nigeria,10/29/2020,765-175-3093
225,Orson,Simone,osimone68@hexun.com,Genderqueer,10/8/2001,Indonesia,4/11/2021,477-873-7720
226,Pamelina,Knightly,pknightly69@biblegateway.com,Agender,1/23/2001,Portugal,4/15/2021,364-215-9303
227,Ruthe,Ockendon,rockendon6a@ebay.com,Polygender,5/1/2000,Kenya,3/16/2021,409-802-8876
228,Marcelline,Hartwright,mhartwright6b@washingtonpost.com,Non-binary,5/14/2000,Russia,8/28/2020,132-284-4394
229,Maye,Jeremiah,mjeremiah6c@nifty.com,Female,8/29/2000,China,5/11/2021,297-432-9527
230,Stanford,Cust,scust6d@amazonaws.com,Agender,2/17/2000,Uganda,12/1/2020,164-891-0594
231,Eve,Constance,econstance6e@si.edu,Male,3/12/2001,China,4/25/2021,793-941-3063
232,Brett,Creasy,bcreasy6f@feedburner.com,Male,10/23/2000,Latvia,6/18/2021,102-880-2041
233,Augy,Durrance,adurrance6g@icq.com,Non-binary,2/6/2000,Argentina,2/14/2020,539-380-6290
234,Nariko,Tomala,ntomala6h@studiopress.com,Genderfluid,3/12/2001,Brazil,3/28/2020,260-640-3986
235,Anthia,Cucuzza,acucuzza6i@hugedomains.com,Non-binary,4/14/2000,Indonesia,6/20/2020,667-911-4691
236,Ambur,Abbati,aabbati6j@plala.or.jp,Female,3/8/2001,Macedonia,1/15/2021,951-466-9060
237,Wendy,Gregor,wgregor6k@cpanel.net,Non-binary,11/3/2001,Sweden,11/4/2020,976-223-5561
238,Howie,Clohissy,hclohissy6l@cornell.edu,Polygender,11/13/2000,China,9/20/2020,259-211-9114
239,Yulma,Wilden,ywilden6m@hp.com,Non-binary,12/2/2001,France,9/17/2020,423-929-6082
240,Darell,Tyndall,dtyndall6n@webmd.com,Genderfluid,7/25/2001,Portugal,6/14/2020,705-796-3364
241,Melesa,Pachta,mpachta6o@comsenz.com,Polygender,3/16/2001,United States,8/27/2020,608-493-4047
242,Demetris,Lehr,dlehr6p@pen.io,Genderfluid,3/28/2000,Lithuania,2/7/2020,256-497-0094
243,Demott,Ammer,dammer6q@mail.ru,Female,12/19/2000,Brazil,2/9/2020,721-827-5231
244,Anallese,Wimsett,awimsett6r@cnn.com,Polygender,4/23/2001,Czech Republic,12/14/2020,709-546-6784
245,Hilliard,Lazenbury,hlazenbury6s@privacy.gov.au,Female,4/20/2000,Czech Republic,3/7/2020,781-371-3359
246,Fabiano,Clendennen,fclendennen6t@seattletimes.com,Non-binary,6/13/2000,Indonesia,1/24/2021,968-136-8328
247,Minna,Bacchus,mbacchus6u@china.com.cn,Female,5/20/2000,Netherlands,8/22/2020,194-460-2104
248,Wileen,Cornely,wcornely6v@mlb.com,Genderqueer,4/16/2000,Canada,12/20/2020,236-906-0564
249,Stan,Garling,sgarling6w@163.com,Non-binary,10/14/2001,Venezuela,6/23/2020,463-438-5789
250,Harrison,Birden,hbirden6x@google.co.jp,Agender,6/21/2000,Czech Republic,2/12/2020,341-903-3659
251,Winslow,Demchen,wdemchen6y@mozilla.com,Bigender,12/18/2000,China,5/23/2020,237-557-9861
252,Libbi,Kimmerling,lkimmerling6z@vimeo.com,Bigender,11/26/2000,China,5/31/2021,209-801-8702
253,Crissy,Ions,cions70@ow.ly,Agender,5/15/2000,China,5/17/2020,787-331-5892
254,Gibbie,Ambroise,gambroise71@ebay.co.uk,Female,1/7/2000,Germany,2/16/2020,731-371-6997
255,Joete,Blodg,jblodg72@bravesites.com,Agender,1/24/2000,Philippines,2/1/2021,924-762-3656
256,Francene,Gerson,fgerson73@youtube.com,Polygender,5/25/2001,China,10/19/2020,653-965-4818
257,Rory,Chadbourne,rchadbourne74@cornell.edu,Non-binary,2/8/2001,Philippines,4/21/2021,404-730-9659
258,Antony,Aries,aaries75@bravesites.com,Non-binary,6/9/2001,China,4/17/2021,338-614-5187
259,Eartha,Cockaday,ecockaday76@illinois.edu,Agender,4/25/2001,Indonesia,4/15/2020,234-896-9653
260,Maxie,Giraudat,mgiraudat77@china.com.cn,Agender,12/26/2001,China,11/28/2020,737-865-7485
261,Niki,Kryszka,nkryszka78@dmoz.org,Bigender,8/17/2000,Japan,6/2/2020,334-852-7047
262,Claudine,Panniers,cpanniers79@nydailynews.com,Non-binary,12/18/2001,Portugal,10/3/2020,688-343-7068
263,Winn,Guenther,wguenther7a@nbcnews.com,Bigender,3/18/2000,Russia,3/13/2021,795-824-5829
264,Nomi,Doreward,ndoreward7b@adobe.com,Non-binary,5/9/2000,Thailand,12/20/2020,161-543-6828
265,Cletus,Insall,cinsall7c@squidoo.com,Agender,9/6/2001,Indonesia,4/26/2021,904-930-6634
266,Nara,Corn,ncorn7d@godaddy.com,Genderqueer,10/26/2000,China,4/17/2021,411-513-5728
267,Bayard,Poter,bpoter7e@squarespace.com,Non-binary,6/21/2000,Indonesia,4/16/2020,783-430-3848
268,Madella,Thonger,mthonger7f@hud.gov,Genderqueer,9/12/2000,Thailand,4/19/2020,358-326-2881
269,Elsa,Gorring,egorring7g@blinklist.com,Polygender,5/23/2000,Brazil,5/21/2021,504-693-2509
270,Mattie,Drewe,mdrewe7h@delicious.com,Male,4/24/2000,Philippines,11/14/2020,526-375-7505
271,Patti,Dunk,pdunk7i@tinypic.com,Agender,1/27/2001,Argentina,8/4/2020,331-598-5973
272,Brendan,McNelly,bmcnelly7j@goodreads.com,Agender,12/16/2001,Chad,3/11/2020,688-424-2266
273,Bambie,Gytesham,bgytesham7k@ucsd.edu,Agender,7/4/2001,Indonesia,8/31/2020,878-998-6142
274,Kaylil,Ewbach,kewbach7l@guardian.co.uk,Non-binary,2/14/2001,Poland,7/28/2020,757-912-7387
275,Katalin,Maffioni,kmaffioni7m@examiner.com,Genderfluid,8/27/2001,Sweden,5/16/2021,617-379-7960
276,Shannah,Sylvester,ssylvester7n@mac.com,Female,2/2/2000,Brazil,4/24/2021,930-766-8796
277,Juana,Pointer,jpointer7o@marketwatch.com,Female,1/9/2001,Russia,7/8/2020,339-653-2998
278,Kevin,Fenelon,kfenelon7p@bloglovin.com,Non-binary,2/7/2000,Japan,1/10/2021,716-284-8492
279,Di,Laughren,dlaughren7q@mozilla.com,Genderfluid,11/15/2001,Madagascar,11/11/2020,773-648-1149
280,Danell,Vasiltsov,dvasiltsov7r@jimdo.com,Bigender,12/3/2001,Indonesia,3/2/2021,230-138-6043
281,Diann,Mateescu,dmateescu7s@census.gov,Non-binary,3/11/2000,China,2/28/2021,482-536-5829
282,Carmencita,Dolder,cdolder7t@oakley.com,Polygender,5/11/2000,Peru,8/19/2020,269-555-4012
283,Bryanty,Behrendsen,bbehrendsen7u@nsw.gov.au,Genderfluid,5/14/2000,East Timor,12/25/2020,651-438-2156
284,Ashlie,Reneke,areneke7v@ocn.ne.jp,Bigender,12/14/2001,Argentina,10/2/2020,791-669-3905
285,Bria,Struijs,bstruijs7w@sina.com.cn,Female,5/3/2001,China,4/24/2021,749-134-4667
286,Harriot,Jilliss,hjilliss7x@mozilla.com,Male,7/25/2000,United States,3/17/2021,719-400-4136
287,Leupold,Hempshall,lhempshall7y@ox.ac.uk,Agender,11/27/2001,Portugal,10/4/2020,452-433-1096
288,Deana,Jarritt,djarritt7z@google.ca,Genderqueer,9/16/2000,Nigeria,2/2/2020,133-889-5141
289,Katrine,Benfield,kbenfield80@123-reg.co.uk,Genderfluid,3/24/2000,Kenya,3/19/2021,542-122-8330
290,Etienne,Waylett,ewaylett81@microsoft.com,Bigender,9/6/2001,Azerbaijan,11/1/2020,627-424-4804
291,Rubia,Bromley,rbromley82@sakura.ne.jp,Genderqueer,4/19/2000,Indonesia,12/10/2020,698-277-0871
292,Morey,Westney,mwestney83@google.de,Genderqueer,11/14/2001,Sweden,12/18/2020,787-795-1943
293,Jeannette,Lipscombe,jlipscombe84@aboutads.info,Agender,2/2/2000,China,3/7/2020,951-407-7288
294,Way,Eard,weard85@samsung.com,Male,2/3/2000,Dominican Republic,2/13/2021,330-573-7209
295,Shaine,O'Moylan,somoylan86@bloomberg.com,Non-binary,12/13/2001,China,3/4/2020,746-402-9958
296,Lezlie,Harris,lharris87@163.com,Polygender,10/23/2000,Argentina,6/19/2021,973-260-0114
297,Alejandrina,McManamen,amcmanamen88@godaddy.com,Polygender,1/13/2001,China,1/23/2021,732-327-1016
298,Hilary,Fominov,hfominov89@people.com.cn,Polygender,6/19/2001,France,8/26/2020,380-472-3229
299,Emmi,Cahen,ecahen8a@gov.uk,Female,3/17/2000,Russia,7/15/2020,672-872-7469
300,Gordie,Biddleston,gbiddleston8b@stanford.edu,Non-binary,10/28/2001,China,10/27/2020,803-921-1581
301,Basilius,Redfield,bredfield8c@theguardian.com,Female,7/6/2000,Kenya,3/3/2020,512-679-9522
302,Ayn,Drayn,adrayn8d@engadget.com,Genderfluid,8/7/2000,Argentina,1/2/2020,779-556-3024
303,Catherina,Kleiser,ckleiser8e@wordpress.org,Agender,12/7/2000,China,9/4/2020,103-144-6964
304,Oby,Tuffey,otuffey8f@jimdo.com,Non-binary,1/17/2000,China,11/28/2020,138-955-0360
305,Drusilla,Lampe,dlampe8g@vistaprint.com,Bigender,5/16/2001,Poland,12/5/2020,951-151-4014
306,Christie,Sacco,csacco8h@surveymonkey.com,Genderqueer,10/30/2000,Poland,3/24/2021,986-293-0414
307,Torey,Hellen,thellen8i@slashdot.org,Female,11/11/2000,Portugal,2/18/2021,846-292-7620
308,Sheila-kathryn,Wevell,swevell8j@springer.com,Agender,11/19/2000,Poland,5/2/2020,959-556-3840
309,Hallie,Sothcott,hsothcott8k@yahoo.com,Female,2/4/2000,Russia,10/9/2020,548-778-9092
310,Blake,Gentric,bgentric8l@desdev.cn,Genderqueer,2/14/2001,Poland,9/16/2020,242-475-7853
311,Parke,Butter,pbutter8m@yelp.com,Male,10/7/2000,Philippines,5/12/2020,605-751-4897
312,Joelynn,Sent,jsent8n@gravatar.com,Non-binary,12/2/2000,Ukraine,5/21/2021,116-705-0611
313,Ambrosi,Lemme,alemme8o@parallels.com,Non-binary,3/14/2001,China,5/12/2020,433-219-9489
314,Pepi,Menci,pmenci8p@joomla.org,Bigender,8/13/2000,Lithuania,1/18/2020,678-569-4610
315,Ebba,Munnis,emunnis8q@salon.com,Male,12/2/2001,Brazil,4/12/2021,997-927-2176
316,Elsie,Penright,epenright8r@google.ru,Non-binary,8/28/2001,China,10/15/2020,470-606-2867
317,Farlay,Wilne,fwilne8s@t.co,Male,5/21/2000,Philippines,2/13/2020,776-163-1200
318,Rudolf,Fransman,rfransman8t@mit.edu,Female,5/3/2001,Indonesia,8/1/2020,207-588-6946
319,Des,McLoughlin,dmcloughlin8u@intel.com,Non-binary,10/13/2001,Indonesia,1/28/2021,982-165-6832
320,Karry,Oleszcuk,koleszcuk8v@histats.com,Agender,6/6/2000,Russia,4/9/2021,846-555-7190
321,Rebeka,Deason,rdeason8w@forbes.com,Polygender,6/30/2001,Argentina,4/4/2020,539-295-5739
322,Gene,Hallan,ghallan8x@rambler.ru,Bigender,5/1/2001,Poland,2/16/2020,526-607-6009
323,Karylin,O'Loughane,koloughane8y@google.com.au,Polygender,12/13/2000,Ukraine,9/4/2020,437-782-4844
324,Mariska,Whyke,mwhyke8z@wikia.com,Female,10/29/2001,Chile,5/4/2020,547-990-5852
325,Farah,Dugget,fdugget90@buzzfeed.com,Agender,2/2/2000,Sweden,6/2/2020,213-730-0429
326,Lilian,Rydings,lrydings91@merriam-webster.com,Genderqueer,12/11/2000,Norway,11/25/2020,899-233-0466
327,Murvyn,Berrisford,mberrisford92@bloglovin.com,Agender,10/4/2001,Gabon,1/9/2021,347-942-2280
328,Ailey,Pietzner,apietzner93@yahoo.co.jp,Polygender,10/17/2000,Indonesia,7/17/2020,368-207-6881
329,Chaddy,Lafay,clafay94@go.com,Bigender,9/5/2000,China,6/12/2021,638-455-5967
330,Horatius,Croux,hcroux95@over-blog.com,Genderfluid,9/3/2001,Afghanistan,11/25/2020,449-656-2615
331,Karalee,Polini,kpolini96@csmonitor.com,Agender,5/21/2001,Russia,3/5/2021,108-654-8199
332,Haskel,Duke,hduke97@google.ru,Genderfluid,2/18/2000,Azerbaijan,2/20/2020,681-841-3955
333,Miguela,Shoebottom,mshoebottom98@nps.gov,Agender,7/28/2001,Vietnam,11/4/2020,334-362-9115
334,Derrek,Kondratenya,dkondratenya99@twitter.com,Bigender,7/19/2000,Greece,9/15/2020,522-714-3558
335,Meir,Entwisle,mentwisle9a@uiuc.edu,Genderfluid,12/30/2000,Ireland,2/27/2021,160-389-0541
336,Jerad,Sertin,jsertin9b@cnbc.com,Genderfluid,8/30/2001,United Kingdom,3/19/2021,562-959-6822
337,Booth,Aharoni,baharoni9c@vk.com,Non-binary,6/18/2000,Czech Republic,3/15/2020,195-702-9586
338,Robinet,Jackman,rjackman9d@mtv.com,Genderqueer,7/13/2001,Portugal,5/22/2020,304-533-5071
339,Conrade,Andreacci,candreacci9e@berkeley.edu,Genderqueer,8/2/2000,China,11/14/2020,411-953-9255
340,Hollie,MacDavitt,hmacdavitt9f@reverbnation.com,Male,3/17/2001,Bosnia and Herzegovina,9/27/2020,820-643-5518
341,Uta,Giacomoni,ugiacomoni9g@chron.com,Polygender,1/2/2000,Indonesia,10/6/2020,862-442-4542
342,Berny,Carnduff,bcarnduff9h@ca.gov,Genderfluid,1/14/2001,Mali,12/18/2020,998-530-8768
343,Jarrid,Pickworth,jpickworth9i@miibeian.gov.cn,Genderfluid,10/7/2000,France,12/24/2020,808-821-2105
344,Morna,Soldner,msoldner9j@tamu.edu,Agender,12/8/2000,Malaysia,3/13/2021,783-942-1571
345,Niccolo,Pelchat,npelchat9k@bandcamp.com,Non-binary,4/14/2000,Canada,4/15/2021,753-267-3505
346,Cherye,Knowlman,cknowlman9l@huffingtonpost.com,Genderqueer,12/29/2000,Portugal,1/17/2021,838-360-7553
347,Ardra,Hubane,ahubane9m@weather.com,Bigender,12/30/2000,China,8/12/2020,981-930-8448
348,Lotte,De Ambrosi,ldeambrosi9n@dedecms.com,Female,2/8/2001,Madagascar,7/5/2020,866-557-8679
349,Adaline,Padilla,apadilla9o@barnesandnoble.com,Non-binary,3/14/2000,Peru,4/14/2020,348-690-7035
350,Carr,Tunn,ctunn9p@reverbnation.com,Agender,11/9/2000,United States,3/7/2020,321-978-2913
351,Davie,Crickmoor,dcrickmoor9q@blogtalkradio.com,Male,7/4/2000,Canada,3/17/2021,330-276-9176
352,Gerri,Bastable,gbastable9r@cbc.ca,Male,12/4/2000,Panama,2/7/2021,274-578-3540
353,Jacquelyn,Blurton,jblurton9s@hhs.gov,Polygender,8/22/2001,China,6/15/2020,326-243-8569
354,Prince,Yanin,pyanin9t@mysql.com,Genderfluid,6/14/2000,China,1/4/2020,105-870-3204
355,Emmy,Dubarry,edubarry9u@adobe.com,Agender,1/30/2000,Tajikistan,12/24/2020,287-609-8912
356,Netty,Pratten,npratten9v@loc.gov,Bigender,4/28/2001,Nigeria,5/1/2020,394-445-8454
357,Stanton,Baglin,sbaglin9w@amazon.co.jp,Bigender,8/21/2000,Philippines,2/9/2021,479-993-8600
358,Jayme,Arpur,jarpur9x@blogtalkradio.com,Bigender,8/31/2000,Czech Republic,5/4/2020,208-223-6461
359,Meridel,Tooth,mtooth9y@gravatar.com,Polygender,12/3/2001,China,4/4/2021,474-742-8324
360,Anselma,Ornillos,aornillos9z@hubpages.com,Female,6/11/2001,Czech Republic,6/15/2021,560-367-9657
361,Elsey,Gettins,egettinsa0@furl.net,Female,11/17/2001,China,5/23/2021,485-268-4126
362,Uri,Haskur,uhaskura1@wikimedia.org,Bigender,8/16/2000,Japan,2/9/2020,371-890-5786
363,Bobbette,Floyed,bfloyeda2@answers.com,Female,2/18/2000,Malaysia,4/21/2020,964-421-0179
364,Corene,Frensche,cfrenschea3@earthlink.net,Non-binary,2/12/2000,Nicaragua,2/13/2021,638-905-8033
365,Bernita,Gofton,bgoftona4@boston.com,Male,7/8/2001,Indonesia,3/6/2020,794-401-1855
366,Natala,Jouen,njouena5@epa.gov,Agender,10/17/2000,Costa Rica,8/13/2020,538-820-1148
367,Alena,Molloy,amolloya6@archive.org,Polygender,9/17/2000,Uganda,3/26/2020,423-703-5578
368,Hermina,Sproul,hsproula7@naver.com,Agender,7/10/2001,United Arab Emirates,5/20/2020,808-466-1873
369,Alla,Mobberley,amobberleya8@bluehost.com,Female,11/29/2001,Indonesia,4/14/2020,438-595-8883
370,Tulley,Agneau,tagneaua9@multiply.com,Genderqueer,12/22/2001,Russia,5/24/2021,337-210-4848
371,Ginni,Leveridge,gleveridgeaa@marketwatch.com,Male,12/19/2000,Malta,11/19/2020,759-463-7793
372,Ardine,Tolmie,atolmieab@unblog.fr,Bigender,2/7/2000,Poland,11/22/2020,624-749-4613
373,Darlene,Pullinger,dpullingerac@liveinternet.ru,Genderqueer,4/4/2001,Kenya,3/3/2021,409-652-2708
374,Linc,Dammarell,ldammarellad@nhs.uk,Genderqueer,5/6/2001,Niger,8/13/2020,219-441-4761
375,Alexei,Cragoe,acragoeae@youku.com,Female,10/25/2001,China,3/11/2021,675-162-0746
376,Myrilla,Papps,mpappsaf@theguardian.com,Bigender,2/15/2001,Ghana,1/23/2021,959-566-0409
377,Ruddie,Olyonov,rolyonovag@so-net.ne.jp,Genderfluid,3/10/2000,Morocco,1/2/2020,777-477-8364
378,Carmella,Christoffe,cchristoffeah@omniture.com,Polygender,1/23/2001,Indonesia,10/13/2020,700-898-6931
379,Reginauld,Rutherford,rrutherfordai@google.com.au,Male,12/27/2001,Japan,5/13/2020,661-235-5435
380,Finn,Aumerle,faumerleaj@time.com,Agender,3/14/2000,Russia,4/24/2020,554-496-8655
381,Geoff,O'Scollain,goscollainak@histats.com,Non-binary,10/4/2000,Zimbabwe,4/14/2020,247-659-3752
382,Ram,Edlington,redlingtonal@phoca.cz,Agender,9/20/2000,Poland,5/29/2020,939-195-4593
383,Lew,Mulcaster,lmulcasteram@sphinn.com,Male,3/11/2001,Finland,8/22/2020,401-244-6671
384,Anna-diane,Kendrick,akendrickan@de.vu,Genderqueer,11/1/2001,Mongolia,8/26/2020,760-416-8455
385,Gunar,Valentine,gvalentineao@barnesandnoble.com,Genderqueer,10/25/2001,Indonesia,3/25/2020,628-895-7020
386,Dodi,Triplett,dtriplettap@mashable.com,Agender,10/2/2000,Benin,3/7/2020,191-975-5775
387,Johan,Bartlam,jbartlamaq@t-online.de,Polygender,8/2/2000,Japan,8/6/2020,155-236-1116
388,Burk,Tudball,btudballar@w3.org,Agender,12/2/2000,China,12/11/2020,820-787-9377
389,Jackie,Rawsthorne,jrawsthorneas@thetimes.co.uk,Genderfluid,8/3/2001,Philippines,2/17/2021,565-424-8780
390,Huntlee,Fawcett,hfawcettat@163.com,Genderfluid,6/5/2001,Philippines,5/28/2020,777-246-5105
391,Engracia,McHale,emchaleau@friendfeed.com,Female,7/17/2000,France,12/11/2020,607-654-4817
392,Riobard,Tremlett,rtremlettav@nature.com,Genderqueer,3/27/2001,Macedonia,5/7/2021,921-452-3151
393,Rolland,Yukhin,ryukhinaw@vinaora.com,Agender,9/23/2001,Indonesia,6/3/2020,899-355-6842
394,Katey,Frangione,kfrangioneax@ebay.com,Agender,4/17/2000,Vietnam,5/31/2021,879-235-3979
395,Kassey,Navan,knavanay@w3.org,Non-binary,1/9/2001,Sweden,4/11/2020,213-485-6308
396,Saraann,Brinkley,sbrinkleyaz@marriott.com,Bigender,9/13/2001,Russia,6/4/2020,414-819-7724
397,Anitra,Chichgar,achichgarb0@icq.com,Genderqueer,12/4/2001,Croatia,3/6/2021,745-999-4442
398,Skip,Kienzle,skienzleb1@infoseek.co.jp,Bigender,5/8/2001,Ethiopia,9/13/2020,355-441-2649
399,Aundrea,Littlepage,alittlepageb2@lulu.com,Non-binary,5/27/2000,Portugal,10/3/2020,525-853-4517
400,Jobyna,Meddows,jmeddowsb3@printfriendly.com,Bigender,6/22/2000,Argentina,6/30/2021,356-948-4515
401,Archibald,Seagrave,aseagraveb4@hubpages.com,Male,9/12/2000,Poland,1/27/2021,914-496-7450
402,Aida,Schrei,aschreib5@liveinternet.ru,Bigender,3/9/2000,Libya,1/14/2021,461-590-1086
403,Brett,Huff,bhuffb6@surveymonkey.com,Bigender,1/21/2000,Portugal,10/6/2020,840-684-6815
404,Corey,Klejna,cklejnab7@disqus.com,Male,10/4/2001,China,5/5/2020,257-674-9992
405,Zach,McPeeters,zmcpeetersb8@creativecommons.org,Female,9/3/2000,Ukraine,5/20/2020,150-419-6144
406,Baillie,Greenacre,bgreenacreb9@hatena.ne.jp,Female,1/7/2000,Poland,10/31/2020,184-930-6319
407,Hamlin,Flay,hflayba@rakuten.co.jp,Male,6/22/2000,Nepal,3/17/2021,299-149-0655
408,Dov,Ivashin,divashinbb@ft.com,Polygender,1/24/2001,Argentina,7/21/2020,728-683-9651
409,Cynthy,Crust,ccrustbc@cpanel.net,Genderfluid,5/17/2001,China,1/25/2021,286-404-6745
410,Stearne,Davers,sdaversbd@google.cn,Non-binary,11/20/2001,Portugal,2/5/2021,805-859-8333
411,Scott,Gurney,sgurneybe@g.co,Male,12/7/2001,China,5/6/2020,198-832-3452
412,Demetra,Baake,dbaakebf@devhub.com,Polygender,11/6/2000,France,2/27/2021,227-237-0758
413,Hildegaard,Gaiger,hgaigerbg@epa.gov,Agender,5/25/2000,South Africa,8/8/2020,497-920-7118
414,Elsi,Nulty,enultybh@gravatar.com,Genderfluid,3/28/2000,China,8/9/2020,526-995-1471
415,Heidi,Jikylls,hjikyllsbi@netvibes.com,Female,1/25/2001,China,12/14/2020,113-812-0065
416,Nikita,Duferie,nduferiebj@hud.gov,Genderqueer,10/31/2000,Philippines,8/29/2020,990-212-9134
417,Leslie,Whyffen,lwhyffenbk@europa.eu,Female,8/26/2001,Poland,9/12/2020,971-570-4226
418,Kristal,Bawle,kbawlebl@illinois.edu,Female,4/15/2001,United Kingdom,2/6/2021,489-238-1414
419,Cicily,Ingray,cingraybm@ted.com,Agender,1/7/2000,Brazil,9/20/2020,286-519-6240
420,Karleen,Wyldish,kwyldishbn@cnbc.com,Genderfluid,7/5/2001,Taiwan,5/6/2021,369-943-7414
421,Sancho,Lineham,slinehambo@nbcnews.com,Genderfluid,10/19/2001,Russia,6/19/2020,164-788-8703
422,Jessalyn,Mariolle,jmariollebp@apache.org,Bigender,2/14/2000,China,1/31/2021,272-134-7548
423,Mathilde,Spriggin,msprigginbq@joomla.org,Male,2/7/2000,France,12/31/2020,942-547-1300
424,Petronilla,Poser,pposerbr@epa.gov,Polygender,6/17/2001,Ukraine,1/2/2021,536-729-4005
425,Modesta,Kubczak,mkubczakbs@fotki.com,Female,7/18/2000,Japan,4/23/2021,716-274-2174
426,Christophorus,Bowcock,cbowcockbt@pen.io,Polygender,2/21/2000,Norway,1/2/2021,990-771-6191
427,Gunther,Pooke,gpookebu@si.edu,Non-binary,6/19/2001,Philippines,6/1/2020,396-894-3510
428,Ethel,Laskey,elaskeybv@hostgator.com,Male,7/21/2000,Mexico,3/4/2020,985-862-2553
429,Annie,Symon,asymonbw@state.gov,Genderqueer,5/22/2000,Mexico,2/8/2020,838-508-2722
430,Floris,Ferreo,fferreobx@instagram.com,Male,8/25/2000,North Korea,9/5/2020,656-818-2022
431,Jereme,Lambirth,jlambirthby@mozilla.org,Bigender,11/15/2001,Argentina,7/8/2020,380-412-9123
432,Libbi,Boag,lboagbz@usa.gov,Bigender,9/17/2001,China,6/19/2021,954-979-8329
433,Madella,Stoeckle,mstoecklec0@indiatimes.com,Non-binary,4/29/2000,Indonesia,5/4/2021,585-371-9204
434,Patin,Sprull,psprullc1@cocolog-nifty.com,Non-binary,3/9/2001,France,8/23/2020,829-430-9066
435,Willard,Le Monnier,wlemonnierc2@nifty.com,Male,11/10/2001,Albania,9/28/2020,863-502-6648
436,Donny,Collens,dcollensc3@youku.com,Polygender,1/28/2001,Indonesia,7/9/2020,400-986-4686
437,Rob,Gauthorpp,rgauthorppc4@goo.ne.jp,Genderqueer,12/15/2000,Japan,6/24/2020,827-182-5421
438,Jolee,Curtois,jcurtoisc5@archive.org,Female,8/19/2001,Nigeria,4/6/2021,666-120-0191
439,Marissa,Elward,melwardc6@slideshare.net,Polygender,9/26/2000,China,1/11/2021,944-737-6698
440,Farrand,Challicum,fchallicumc7@reference.com,Male,12/26/2001,Brazil,5/24/2020,805-174-9623
441,Bliss,Savatier,bsavatierc8@sciencedirect.com,Agender,8/16/2000,Mexico,4/8/2021,173-505-2395
442,Nonah,Sandys,nsandysc9@goo.gl,Non-binary,8/11/2001,Chad,9/9/2020,972-565-5390
443,Sonni,Baughen,sbaughenca@phoca.cz,Genderqueer,9/30/2001,Greece,1/16/2020,357-126-8105
444,Irwin,Lowndsborough,ilowndsboroughcb@amazon.co.jp,Genderfluid,11/16/2001,Brazil,5/4/2020,801-399-4887
445,Orren,Gwinnel,ogwinnelcc@statcounter.com,Non-binary,2/28/2000,China,12/4/2020,131-595-5911
446,Giulietta,Poznanski,gpoznanskicd@chicagotribune.com,Genderqueer,1/22/2000,Greece,5/28/2021,365-298-1711
447,Brenda,Gook,bgookce@fastcompany.com,Polygender,9/25/2000,Russia,4/13/2021,581-487-5990
448,Ruby,Troughton,rtroughtoncf@biglobe.ne.jp,Polygender,12/26/2001,Indonesia,6/9/2021,499-219-7971
449,Kelley,Cullabine,kcullabinecg@scientificamerican.com,Genderfluid,5/18/2000,Portugal,1/17/2020,931-598-3993
450,Paulina,Luxton,pluxtonch@miitbeian.gov.cn,Polygender,10/19/2001,Portugal,4/15/2021,482-573-3511
451,Thomas,Jarrette,tjarretteci@noaa.gov,Bigender,9/21/2001,China,6/16/2020,698-713-5680
452,Lezlie,Benedicto,lbenedictocj@princeton.edu,Bigender,12/31/2000,Philippines,3/12/2021,269-835-0267
453,Ogdon,Lathom,olathomck@weather.com,Polygender,4/18/2000,Indonesia,6/13/2020,260-338-8714
454,Dody,Blencowe,dblencowecl@wiley.com,Non-binary,5/15/2000,Ireland,6/19/2020,189-571-6106
455,Leighton,MacGowan,lmacgowancm@w3.org,Bigender,5/31/2000,China,4/26/2020,203-858-4428
456,Klarrisa,Nigh,knighcn@craigslist.org,Agender,5/27/2001,Mozambique,3/1/2020,316-782-4359
457,Lynnett,Dafydd,ldafyddco@nydailynews.com,Polygender,4/30/2001,France,4/19/2021,393-528-2894
458,Bendix,Morkham,bmorkhamcp@clickbank.net,Bigender,2/28/2001,China,3/11/2021,924-769-3581
459,Gavrielle,Ziemsen,gziemsencq@zdnet.com,Genderqueer,1/23/2001,Poland,7/27/2020,645-973-4518
460,Barbee,Adcocks,badcockscr@i2i.jp,Genderqueer,9/12/2000,Malaysia,9/1/2020,648-653-8671
461,Alyosha,Farndale,afarndalecs@intel.com,Bigender,11/27/2000,Philippines,3/25/2021,655-799-6644
462,Brnaby,Hiddy,bhiddyct@aol.com,Genderfluid,11/25/2000,Portugal,2/11/2021,575-837-7291
463,Kahaleel,Lorey,kloreycu@foxnews.com,Female,1/7/2001,China,6/27/2020,110-371-8201
464,Arleen,Banghe,abanghecv@clickbank.net,Genderfluid,8/29/2001,Greece,5/24/2020,265-876-7997
465,Lucie,Giacomuzzi,lgiacomuzzicw@mtv.com,Female,8/13/2000,Indonesia,7/9/2020,819-835-6711
466,Zea,Stollsteiner,zstollsteinercx@hhs.gov,Polygender,2/3/2001,Argentina,12/14/2020,314-914-9589
467,Thomas,Cahill,tcahillcy@shareasale.com,Genderqueer,6/14/2000,Canada,5/29/2020,943-827-5028
468,Polly,Sowerbutts,psowerbuttscz@booking.com,Agender,7/31/2001,France,7/21/2020,587-626-7462
469,Don,Mattis,dmattisd0@dagondesign.com,Genderqueer,3/11/2001,Norway,8/13/2020,892-769-4140
470,Kevyn,Lamminam,klamminamd1@ox.ac.uk,Bigender,7/5/2000,Netherlands,2/15/2020,507-191-9477
471,Pren,Claypoole,pclaypooled2@ucla.edu,Female,12/23/2001,Mozambique,11/25/2020,752-158-5141
472,Therese,Reddan,treddand3@google.co.jp,Agender,8/24/2001,China,4/28/2020,723-206-7506
473,Miof mela,Curreen,mcurreend4@domainmarket.com,Bigender,5/22/2000,Brazil,12/27/2020,585-131-5701
474,Christi,Exter,cexterd5@webeden.co.uk,Non-binary,12/4/2000,Peru,5/13/2020,637-363-8908
475,Alisander,Neljes,aneljesd6@bloglines.com,Male,5/1/2000,China,12/8/2020,647-260-3093
476,Layney,Grewes,lgrewesd7@slashdot.org,Male,8/16/2001,Macedonia,11/9/2020,558-200-3360
477,Ewart,Crosham,ecroshamd8@rambler.ru,Polygender,2/5/2000,China,5/22/2021,621-104-6166
478,Aldon,Vollam,avollamd9@last.fm,Bigender,12/14/2001,Indonesia,7/24/2020,467-424-6925
479,Dru,Kemsley,dkemsleyda@washingtonpost.com,Agender,12/6/2001,Colombia,3/19/2020,258-754-2138
480,Bald,Greenset,bgreensetdb@wikimedia.org,Male,10/25/2000,China,3/26/2020,218-260-6248
481,Gerik,Tuite,gtuitedc@ovh.net,Male,6/8/2000,Finland,5/4/2020,453-705-9178
482,Enos,Schenkel,eschenkeldd@mysql.com,Genderfluid,7/4/2000,Kazakhstan,5/4/2020,986-912-5859
483,Karil,Castagno,kcastagnode@boston.com,Bigender,4/12/2000,Ireland,4/16/2020,730-968-5599
484,Francyne,Amer,famerdf@icio.us,Genderqueer,1/22/2000,Peru,7/16/2020,927-552-4287
485,Stearne,Airth,sairthdg@wordpress.org,Non-binary,2/22/2001,Mexico,1/15/2021,446-505-9523
486,Tremain,Paulino,tpaulinodh@chron.com,Female,7/11/2000,Philippines,2/13/2020,363-275-3950
487,Winfield,Gavan,wgavandi@ning.com,Agender,4/13/2001,China,8/8/2020,969-854-7888
488,Curt,Drysdale,cdrysdaledj@bloomberg.com,Bigender,11/12/2000,Indonesia,3/17/2021,710-368-2632
489,Cynthie,Tooze,ctoozedk@histats.com,Agender,6/12/2000,Sweden,6/9/2021,274-601-4870
490,Jemimah,O'Monahan,jomonahandl@nbcnews.com,Genderfluid,6/3/2001,China,11/26/2020,750-525-8909
491,Sheila,Ledgeway,sledgewaydm@elegantthemes.com,Genderqueer,9/20/2000,Sweden,12/26/2020,105-930-5738
492,Thedric,Le Marquis,tlemarquisdn@ustream.tv,Non-binary,6/6/2000,Ireland,7/3/2020,575-872-1782
493,Casie,Dellenty,cdellentydo@jalbum.net,Female,8/15/2000,Poland,2/25/2021,639-215-4192
494,Jennifer,Battabee,jbattabeedp@scribd.com,Genderqueer,7/16/2000,China,9/29/2020,126-728-9298
495,Brandon,Birch,bbirchdq@un.org,Polygender,5/23/2001,Brazil,2/21/2020,348-275-6769
496,Derry,Kirmond,dkirmonddr@de.vu,Genderqueer,10/15/2001,Azerbaijan,10/6/2020,572-747-0052
497,Jorry,Flook,jflookds@illinois.edu,Genderfluid,1/9/2001,Philippines,4/1/2020,375-241-0606
498,Gibbie,Eastwood,geastwooddt@accuweather.com,Genderfluid,10/20/2000,Czech Republic,1/14/2021,788-909-2697
499,Georges,Gurrado,ggurradodu@multiply.com,Female,7/12/2000,Portugal,11/26/2020,343-732-0030
500,Ladonna,Skerratt,lskerrattdv@bbb.org,Genderqueer,9/19/2001,China,6/16/2021,791-388-8696
501,Vinnie,Holyland,vholylanddw@harvard.edu,Bigender,2/7/2000,Mexico,4/4/2020,955-661-8565
502,Julita,Dullingham,jdullinghamdx@tuttocitta.it,Bigender,7/9/2001,Indonesia,11/13/2020,817-282-1664
503,Waylan,Mateuszczyk,wmateuszczykdy@fda.gov,Genderfluid,8/17/2000,Canada,2/27/2020,592-451-8880
504,Ermengarde,Miall,emialldz@yale.edu,Genderqueer,12/29/2001,Ghana,4/27/2021,980-712-7856
505,Addi,McEvoy,amcevoye0@dailymotion.com,Non-binary,7/2/2001,Macedonia,10/5/2020,327-159-5619
506,Brade,Woolmore,bwoolmoree1@slideshare.net,Male,7/21/2000,Russia,7/17/2020,225-850-8511
507,Sadie,Wraxall,swraxalle2@sitemeter.com,Non-binary,4/18/2001,Poland,4/15/2020,875-627-1495
508,Kendre,Deverose,kdeverosee3@jugem.jp,Agender,9/7/2001,Philippines,3/21/2021,243-669-4134
509,Kamilah,Pughe,kpughee4@behance.net,Polygender,10/11/2000,China,4/24/2021,899-832-7715
510,Britney,Jansema,bjansemae5@feedburner.com,Genderfluid,12/27/2001,Panama,5/9/2021,968-576-9084
511,Suki,Elfes,selfese6@theguardian.com,Genderqueer,12/25/2000,Russia,8/11/2020,420-631-9937
512,Dolph,Enticott,denticotte7@merriam-webster.com,Genderfluid,11/26/2001,Albania,4/24/2020,838-511-5458
513,Rochester,Laurencot,rlaurencote8@cpanel.net,Bigender,9/21/2001,Portugal,2/20/2021,976-555-7442
514,Bentlee,Wisbey,bwisbeye9@pen.io,Polygender,3/29/2000,China,12/11/2020,435-972-7231
515,Daren,Fowlston,dfowlstonea@ucoz.ru,Genderfluid,4/24/2001,Japan,2/20/2020,227-990-1968
516,Vilhelmina,Meenehan,vmeenehaneb@omniture.com,Genderqueer,8/14/2000,Nigeria,8/25/2020,447-686-2635
517,Marijn,McCaskill,mmccaskillec@1688.com,Non-binary,6/12/2000,Uganda,6/20/2020,749-462-7509
518,Thorvald,Fosserd,tfosserded@amazon.de,Agender,1/29/2000,Portugal,12/16/2020,757-427-0127
519,Benjy,Staniford,bstanifordee@wikispaces.com,Bigender,4/3/2000,China,9/24/2020,474-529-8967
520,Zachariah,Heaton,zheatonef@europa.eu,Female,5/3/2000,Japan,2/16/2021,257-590-0898
521,Devland,Yair,dyaireg@epa.gov,Genderfluid,12/16/2000,Kyrgyzstan,12/8/2020,854-601-7514
522,Perry,Ganderton,pgandertoneh@stanford.edu,Polygender,3/4/2001,Russia,3/13/2021,372-569-7921
523,Florry,Eastes,feastesei@zdnet.com,Non-binary,10/24/2000,Argentina,5/15/2020,248-389-9309
524,Sonja,Jovicevic,sjovicevicej@odnoklassniki.ru,Agender,9/29/2000,China,11/23/2020,344-460-3491
525,Wilone,Thrower,wthrowerek@house.gov,Non-binary,1/18/2001,Zambia,8/1/2020,584-628-0145
526,Regen,Habbema,rhabbemael@kickstarter.com,Polygender,7/8/2001,Greece,6/7/2020,504-760-9536
527,Rianon,Huby,rhubyem@nba.com,Agender,9/23/2000,Czech Republic,4/1/2020,374-728-0404
528,Kylynn,Snazle,ksnazleen@discuz.net,Genderqueer,10/11/2000,Norway,8/30/2020,181-414-9478
529,Patton,Binnion,pbinnioneo@addtoany.com,Male,10/19/2000,Philippines,5/5/2020,904-888-5024
530,Gwenora,Kinnett,gkinnettep@sitemeter.com,Female,10/23/2000,China,5/15/2020,160-866-7139
531,Patricia,Vlasenko,pvlasenkoeq@dropbox.com,Male,1/8/2001,Indonesia,4/10/2021,906-603-7909
532,Gawen,Bibbie,gbibbieer@ycombinator.com,Male,3/9/2000,Kazakhstan,2/19/2021,539-992-7935
533,Gaspard,Leadley,gleadleyes@vinaora.com,Bigender,11/19/2001,Pakistan,9/18/2020,520-453-7712
534,Darrel,Ranald,dranaldet@amazon.com,Agender,5/1/2000,Indonesia,12/31/2020,183-357-5195
535,Raimund,Minnis,rminniseu@wp.com,Female,4/19/2001,Philippines,1/17/2020,321-591-9898
536,Ross,McIlwraith,rmcilwraithev@fda.gov,Agender,9/12/2000,Afghanistan,1/7/2021,850-951-8878
537,Lillian,Roblett,lroblettew@163.com,Genderqueer,4/8/2001,China,11/22/2020,248-991-6322
538,Shena,Iacovielli,siacovielliex@php.net,Polygender,12/23/2000,Saudi Arabia,2/8/2021,996-675-4862
539,Ashley,Castagna,acastagnaey@virginia.edu,Genderfluid,5/27/2000,Moldova,10/20/2020,798-875-9814
540,Jaimie,Czaja,jczajaez@nature.com,Agender,7/13/2001,Serbia,5/26/2021,109-360-9314
541,Faulkner,Hakewell,fhakewellf0@phoca.cz,Agender,9/5/2000,Yemen,7/20/2020,872-727-0623
542,Damara,Saxton,dsaxtonf1@sciencedirect.com,Bigender,10/17/2001,China,11/9/2020,960-598-2639
543,Farand,Van der Kruis,fvanderkruisf2@soundcloud.com,Genderqueer,10/31/2001,China,3/12/2020,705-719-4237
544,Eward,Somersett,esomersettf3@godaddy.com,Non-binary,1/6/2000,China,8/10/2020,996-133-5240
545,Neysa,Laverty,nlavertyf4@apache.org,Male,8/9/2001,Russia,8/26/2020,514-646-9054
546,Fara,Mourge,fmourgef5@narod.ru,Genderfluid,10/5/2001,Russia,2/17/2020,396-419-1215
547,Hadley,Royste,hroystef6@google.com.hk,Male,11/11/2001,China,1/12/2021,186-216-0552
548,Nicholle,Putman,nputmanf7@storify.com,Genderqueer,2/23/2000,United States,7/26/2020,205-638-1696
549,Inger,Francello,ifrancellof8@shinystat.com,Female,12/25/2000,China,1/16/2021,396-349-2403
550,Cymbre,Esselin,cesselinf9@census.gov,Genderfluid,3/4/2001,China,1/16/2021,616-646-4929
551,Johnna,Harhoff,jharhofffa@usa.gov,Male,4/3/2001,Brazil,5/14/2020,369-701-2652
552,Perry,Assante,passantefb@telegraph.co.uk,Genderqueer,4/30/2001,Iran,6/2/2021,830-203-7933
553,Barbey,Waylett,bwaylettfc@soup.io,Non-binary,9/1/2001,China,10/2/2020,655-679-7854
554,Ignacius,Saller,isallerfd@state.gov,Genderfluid,5/31/2000,China,10/29/2020,861-985-1244
555,Moira,Dunn,mdunnfe@tiny.cc,Genderfluid,10/8/2000,Mongolia,3/21/2021,807-432-5523
556,Farrah,Jessop,fjessopff@wikimedia.org,Agender,4/5/2000,Russia,1/8/2020,798-105-6605
557,Marketa,Jobey,mjobeyfg@yahoo.com,Polygender,7/14/2000,China,6/30/2020,916-388-3237
558,Dori,Thames,dthamesfh@cbslocal.com,Female,6/15/2000,France,8/25/2020,220-994-0013
559,Robinetta,O'Nion,ronionfi@biglobe.ne.jp,Genderqueer,7/13/2000,Brazil,4/10/2021,423-158-2164
560,Lindsay,Ehrat,lehratfj@ftc.gov,Male,3/26/2000,South Korea,3/17/2021,725-423-9695
561,Ernesta,Gilby,egilbyfk@bizjournals.com,Genderqueer,1/12/2000,Indonesia,3/15/2021,758-313-7504
562,Maureene,Chasson,mchassonfl@china.com.cn,Genderfluid,9/30/2000,Honduras,8/8/2020,775-475-7838
563,Fayina,Perkin,fperkinfm@ucoz.ru,Genderqueer,9/18/2000,Guatemala,2/21/2021,699-935-1428
564,Hallie,Fishly,hfishlyfn@blog.com,Male,9/12/2000,Russia,5/14/2020,466-725-2582
565,Loralie,Licence,llicencefo@chicagotribune.com,Agender,7/28/2000,Russia,4/22/2021,797-378-1627
566,Adelaida,Simounet,asimounetfp@ftc.gov,Genderqueer,4/28/2001,Russia,2/21/2021,653-447-2729
567,Gar,Durtnall,gdurtnallfq@imdb.com,Polygender,11/3/2000,China,7/1/2020,231-965-8892
568,Bronson,Whetnell,bwhetnellfr@wordpress.org,Female,10/28/2000,Russia,7/6/2020,512-807-9498
569,Rudie,Halpin,rhalpinfs@scientificamerican.com,Genderfluid,9/24/2000,Russia,4/11/2021,899-603-4948
570,Noellyn,Orbell,norbellft@webnode.com,Non-binary,4/11/2000,France,7/16/2020,956-243-8322
571,Merrel,Brimilcome,mbrimilcomefu@woothemes.com,Male,8/13/2000,Poland,5/18/2020,709-525-4736
572,De,Sheekey,dsheekeyfv@edublogs.org,Male,10/30/2001,Indonesia,1/3/2020,704-139-3341
573,Manny,Van Niekerk,mvanniekerkfw@webeden.co.uk,Bigender,2/12/2001,China,1/29/2020,184-908-4376
574,Maritsa,Lewins,mlewinsfx@sakura.ne.jp,Male,10/4/2000,Indonesia,12/24/2020,761-862-9142
575,Doro,Delatour,ddelatourfy@reference.com,Male,5/19/2001,China,3/2/2020,774-756-4437
576,Harriette,Gormally,hgormallyfz@bloglines.com,Non-binary,3/26/2000,Cameroon,3/15/2021,180-343-2491
577,Hannie,Aylmer,haylmerg0@mlb.com,Polygender,8/29/2000,Philippines,3/23/2021,857-540-2688
578,Bailey,Websdale,bwebsdaleg1@imgur.com,Bigender,7/23/2000,Indonesia,3/25/2021,674-736-0807
579,Eddy,Shottin,eshotting2@cdc.gov,Male,4/26/2000,Poland,7/8/2020,717-460-0689
580,Jeno,Lochrie,jlochrieg3@ucsd.edu,Polygender,5/23/2001,China,1/25/2021,725-141-7414
581,Sonnnie,Naulty,snaultyg4@bloglines.com,Polygender,2/23/2000,China,4/13/2021,394-288-3263
582,Shayna,Samson,ssamsong5@meetup.com,Agender,8/5/2001,Panama,2/12/2020,915-896-6278
583,Dallon,Southern,dsoutherng6@nbcnews.com,Male,7/22/2000,China,5/11/2020,196-905-2869
584,Gerik,Liffey,gliffeyg7@amazon.co.uk,Genderqueer,12/15/2000,Cameroon,5/16/2021,246-855-3963
585,Cornelius,Seeger,cseegerg8@dedecms.com,Agender,12/25/2001,Philippines,5/3/2020,797-943-3157
586,Margette,Daddow,mdaddowg9@gravatar.com,Female,4/1/2000,Honduras,6/9/2021,815-848-2289
587,Flori,Whellams,fwhellamsga@gravatar.com,Genderfluid,7/31/2001,Myanmar,3/28/2020,930-342-0143
588,Boote,Marian,bmariangb@amazon.co.uk,Female,8/9/2001,China,7/8/2020,954-150-6965
589,Boris,Tresvina,btresvinagc@bigcartel.com,Genderqueer,7/16/2000,Central African Republic,1/26/2020,398-807-9367
590,Bernadina,Stoffler,bstofflergd@twitter.com,Polygender,7/28/2001,Philippines,6/5/2020,922-723-4197
591,Rosamund,Midner,rmidnerge@yale.edu,Polygender,7/1/2000,South Africa,1/11/2020,967-687-5593
592,Oswell,Creffield,ocreffieldgf@fotki.com,Female,12/13/2000,Burundi,3/21/2021,492-911-4327
593,Tami,Vickerstaff,tvickerstaffgg@freewebs.com,Bigender,9/30/2001,Israel,6/18/2021,680-564-7270
594,Wally,Guiso,wguisogh@1688.com,Agender,8/7/2001,Czech Republic,10/12/2020,352-587-8104
595,Hanni,Romanski,hromanskigi@google.ru,Polygender,12/28/2001,Poland,12/25/2020,109-196-2412
596,Hazel,Demange,hdemangegj@jugem.jp,Genderqueer,1/6/2001,China,8/29/2020,203-252-1974
597,Vida,Bompas,vbompasgk@ustream.tv,Genderqueer,11/12/2000,Serbia,9/8/2020,807-824-2558
598,Dukey,Everson,deversongl@so-net.ne.jp,Polygender,8/27/2000,Venezuela,10/31/2020,686-897-3799
599,Codie,Laible,claiblegm@mtv.com,Polygender,6/30/2000,Kosovo,11/15/2020,709-897-3509
600,Bernadina,Portchmouth,bportchmouthgn@tamu.edu,Bigender,11/27/2000,Germany,1/11/2020,536-793-9313
601,Jami,Lulham,jlulhamgo@jiathis.com,Male,10/21/2000,China,4/6/2021,206-699-6923
602,Zacharie,McCarlie,zmccarliegp@jiathis.com,Bigender,1/3/2001,Guatemala,12/1/2020,698-839-1400
603,Hew,Diperaus,hdiperausgq@skype.com,Bigender,7/27/2001,France,1/22/2021,601-933-7247
604,Sharyl,Dorrance,sdorrancegr@hexun.com,Non-binary,10/7/2000,Russia,7/28/2020,915-903-3926
605,Kathryne,Etchells,ketchellsgs@vinaora.com,Genderfluid,5/17/2000,Sweden,12/31/2020,642-396-6149
606,Sande,Habbeshaw,shabbeshawgt@forbes.com,Non-binary,4/10/2001,Netherlands,3/4/2020,496-953-4787
607,Davida,Hurles,dhurlesgu@webnode.com,Bigender,2/23/2000,Indonesia,5/2/2020,829-868-1493
608,Theodoric,Levane,tlevanegv@goo.gl,Female,7/22/2000,Colombia,1/16/2021,853-373-1074
609,Lorrayne,Helks,lhelksgw@sitemeter.com,Polygender,9/28/2000,Brazil,6/27/2021,353-540-7750
610,Lazare,Carik,lcarikgx@skyrock.com,Genderqueer,9/16/2001,Guatemala,11/24/2020,801-785-4992
611,Palm,Yard,pyardgy@weebly.com,Genderfluid,8/5/2001,Argentina,3/28/2021,703-608-3206
612,Natassia,Baldrey,nbaldreygz@blogger.com,Agender,1/28/2001,Argentina,8/16/2020,627-525-5079
613,Ber,Hockell,bhockellh0@gravatar.com,Bigender,12/9/2000,Poland,2/14/2021,212-118-6106
614,Norrie,Rosenfeld,nrosenfeldh1@about.com,Genderfluid,11/25/2001,China,2/18/2020,544-866-5904
615,Orson,Memmory,omemmoryh2@paypal.com,Polygender,1/31/2001,Indonesia,11/11/2020,150-174-1609
616,Veriee,Sidebotham,vsidebothamh3@shutterfly.com,Agender,7/19/2001,France,3/18/2021,941-689-6839
617,Antony,Larwood,alarwoodh4@nasa.gov,Genderfluid,1/31/2000,Portugal,7/9/2020,607-610-9374
618,Barney,Habishaw,bhabishawh5@squidoo.com,Agender,3/23/2001,Norway,1/17/2020,770-378-0085
619,Liuka,Poston,lpostonh6@cnn.com,Male,11/16/2001,Finland,10/10/2020,249-700-6373
620,Leupold,Colchett,lcolchetth7@cyberchimps.com,Genderqueer,8/25/2001,Colombia,7/29/2020,479-654-1954
621,Tommie,Gallahue,tgallahueh8@unicef.org,Bigender,7/21/2000,Mexico,1/19/2021,472-407-1513
622,Werner,Sansam,wsansamh9@go.com,Female,11/24/2000,Nigeria,12/13/2020,154-479-9660
623,Elsworth,MacKettrick,emackettrickha@sina.com.cn,Non-binary,9/10/2001,Peru,1/27/2020,729-728-9374
624,Guglielma,Scalia,gscaliahb@skyrock.com,Genderfluid,4/30/2000,France,2/7/2021,491-621-5197
625,Timotheus,Giraldez,tgiraldezhc@hatena.ne.jp,Polygender,12/29/2000,Mongolia,5/11/2021,879-967-3707
626,Cissy,Lingley,clingleyhd@gizmodo.com,Non-binary,2/9/2001,China,12/27/2020,563-707-0001
627,Sophey,Robroe,srobroehe@deviantart.com,Genderfluid,1/11/2001,Indonesia,4/17/2021,124-971-3467
628,Munroe,Vondracek,mvondracekhf@seesaa.net,Male,6/13/2001,Guatemala,2/17/2021,367-529-0099
629,Chrissy,Hapke,chapkehg@cnbc.com,Genderqueer,7/4/2001,Bosnia and Herzegovina,10/17/2020,411-890-9131
630,Linda,Frodsham,lfrodshamhh@nhs.uk,Male,10/27/2001,Japan,3/18/2021,334-150-2953
631,Lelah,Giacobbo,lgiacobbohi@1und1.de,Genderfluid,4/19/2001,Philippines,2/11/2021,512-981-5269
632,Rochette,Wyeth,rwyethhj@nhs.uk,Genderqueer,10/24/2000,Russia,4/15/2020,868-814-5911
633,Moyna,Leaman,mleamanhk@illinois.edu,Polygender,7/19/2001,Micronesia,4/21/2020,543-930-2623
634,Eustace,Stanes,estaneshl@a8.net,Female,4/20/2001,Brazil,1/19/2020,873-126-9644
635,Gus,Alger,galgerhm@berkeley.edu,Genderfluid,2/19/2000,Mali,12/7/2020,460-915-8547
636,Roby,Hasnip,rhasniphn@e-recht24.de,Agender,5/26/2001,Poland,6/29/2020,669-870-6764
637,Westbrooke,Culwen,wculwenho@sciencedaily.com,Male,4/14/2001,Philippines,10/28/2020,421-367-1952
638,Foster,Wonham,fwonhamhp@taobao.com,Female,4/22/2000,Japan,3/26/2020,855-981-0626
639,Mattheus,Tween,mtweenhq@com.com,Genderqueer,4/30/2000,Dominican Republic,12/5/2020,612-763-7415
640,Toby,Lemery,tlemeryhr@angelfire.com,Genderqueer,10/18/2001,United States,6/25/2021,210-541-4219
641,Barde,Langforth,blangforthhs@umn.edu,Female,7/21/2001,Republic of the Congo,1/13/2020,262-316-7919
642,Gael,Christy,gchristyht@cpanel.net,Genderqueer,4/28/2000,Iran,8/31/2020,794-777-9166
643,Lauritz,Lilleyman,llilleymanhu@skyrock.com,Polygender,6/24/2000,Bulgaria,1/9/2020,107-517-6706
644,Port,Burnel,pburnelhv@msn.com,Female,5/11/2000,Tunisia,4/9/2021,360-799-0922
645,Somerset,Groger,sgrogerhw@e-recht24.de,Bigender,1/23/2000,Honduras,10/10/2020,978-707-9127
646,Gery,Parsall,gparsallhx@mapy.cz,Genderfluid,3/9/2000,Czech Republic,3/3/2020,459-410-0475
647,Aurilia,Ballston,aballstonhy@typepad.com,Bigender,5/2/2000,Portugal,11/26/2020,332-613-6532
648,Orella,Lorimer,olorimerhz@va.gov,Non-binary,3/18/2001,China,6/9/2020,500-164-0004
649,Mirilla,Luckhurst,mluckhursti0@apache.org,Bigender,12/7/2001,China,7/26/2020,120-951-2485
650,Celka,Bardell,cbardelli1@bravesites.com,Non-binary,2/17/2000,Poland,10/17/2020,617-896-0700
651,Lauretta,Hefferon,lhefferoni2@wordpress.com,Male,12/25/2001,China,5/27/2021,714-568-1532
652,Leisha,Freemantle,lfreemantlei3@skype.com,Male,12/2/2000,Russia,7/3/2020,299-620-6290
653,Merrili,Goodsir,mgoodsiri4@google.it,Bigender,2/10/2001,Kazakhstan,3/15/2020,345-364-8228
654,Natal,Lukianovich,nlukianovichi5@symantec.com,Agender,6/20/2000,Portugal,6/4/2020,910-290-7393
655,Ulrica,Glantz,uglantzi6@lycos.com,Genderqueer,1/20/2000,Somalia,4/20/2020,614-593-2866
656,Sofia,Douty,sdoutyi7@fc2.com,Non-binary,10/11/2001,Malaysia,11/13/2020,171-195-3862
657,Adelbert,Pariss,aparissi8@miibeian.gov.cn,Genderqueer,4/24/2001,United States,11/18/2020,404-311-8365
658,Doralynne,Buxcey,dbuxceyi9@bloglines.com,Genderfluid,11/29/2001,Peru,5/31/2020,917-451-4124
659,Oliver,Jakubowicz,ojakubowiczia@imgur.com,Male,2/4/2000,Poland,3/26/2020,863-104-1256
660,Clemmie,Batthew,cbatthewib@sina.com.cn,Genderqueer,10/21/2001,Portugal,3/2/2020,461-990-8040
661,Ranee,Culvey,rculveyic@alibaba.com,Female,1/19/2000,Latvia,3/6/2021,813-562-7736
662,Parsifal,Goodbarr,pgoodbarrid@bbc.co.uk,Genderfluid,3/14/2000,Czech Republic,6/10/2020,845-103-8420
663,Viola,Kesteven,vkestevenie@kickstarter.com,Female,2/29/2000,France,1/10/2020,940-758-5960
664,Binnie,Strotone,bstrotoneif@webs.com,Female,2/29/2000,Colombia,3/3/2021,806-933-9281
665,Codi,Sandeman,csandemanig@wix.com,Male,10/3/2001,France,7/30/2020,458-266-1757
666,Alec,Laverack,alaverackih@facebook.com,Agender,3/7/2000,Peru,5/30/2021,631-519-2394
667,Carole,Gibbs,cgibbsii@joomla.org,Female,3/30/2001,Poland,7/20/2020,693-620-5138
668,Sylvia,O'Hannay,sohannayij@uol.com.br,Non-binary,5/15/2001,United States,5/27/2020,210-675-1146
669,Davie,MacIntyre,dmacintyreik@springer.com,Female,9/10/2000,Indonesia,4/7/2020,806-211-2663
670,Floria,Kynder,fkynderil@canalblog.com,Genderqueer,9/14/2001,Russia,10/9/2020,339-118-9878
671,Modestine,Fleg,mflegim@google.com.br,Bigender,1/24/2001,United States,1/25/2020,213-154-2460
672,Antoine,Simkovich,asimkovichin@vistaprint.com,Polygender,2/28/2000,Thailand,7/29/2020,197-984-5225
673,Ram,Huggett,rhuggettio@nymag.com,Agender,3/10/2000,Palestinian Territory,10/3/2020,287-555-0905
674,Julina,Amaya,jamayaip@wiley.com,Genderqueer,12/18/2000,Russia,5/12/2020,703-742-8277
675,Charissa,McAlpin,cmcalpiniq@tiny.cc,Genderqueer,11/18/2000,Tunisia,12/18/2020,603-453-9096
676,Lana,Stitfall,lstitfallir@google.nl,Male,5/11/2001,France,5/4/2021,994-653-6534
677,Jaclin,Flewett,jflewettis@webs.com,Genderqueer,2/8/2001,Indonesia,5/20/2020,442-758-7579
678,Leonhard,Sertin,lsertinit@indiatimes.com,Male,4/30/2001,Slovenia,5/12/2020,244-490-5749
679,Kassi,Boxhall,kboxhalliu@eventbrite.com,Bigender,8/25/2001,China,1/5/2021,967-222-4073
680,Francesca,Prydie,fprydieiv@businessweek.com,Female,9/17/2001,South Africa,7/10/2020,600-531-3020
681,Toby,Levane,tlevaneiw@bbb.org,Polygender,8/2/2000,Russia,4/20/2021,450-196-7543
682,Ricky,Wincom,rwincomix@tiny.cc,Agender,10/8/2000,Russia,11/22/2020,129-356-3901
683,Francois,Carmody,fcarmodyiy@vkontakte.ru,Agender,6/30/2001,China,6/12/2021,468-825-4094
684,Major,Marishenko,mmarishenkoiz@vimeo.com,Bigender,10/13/2000,Argentina,11/16/2020,500-828-4032
685,Vick,Stear,vstearj0@netlog.com,Non-binary,2/14/2000,Philippines,8/19/2020,269-664-1599
686,Pascal,Scranny,pscrannyj1@facebook.com,Female,2/18/2001,China,9/21/2020,973-890-3826
687,Binny,Hamprecht,bhamprechtj2@ed.gov,Male,12/13/2001,Russia,12/2/2020,261-690-3098
688,Terrell,Nelius,tneliusj3@smugmug.com,Genderqueer,10/17/2000,China,11/8/2020,861-187-7774
689,Casandra,Stanion,cstanionj4@jigsy.com,Non-binary,5/11/2000,China,10/29/2020,528-935-6592
690,Aksel,Duesberry,aduesberryj5@pagesperso-orange.fr,Genderqueer,9/11/2001,Brazil,7/27/2020,506-431-6004
691,Laughton,Harnetty,lharnettyj6@jiathis.com,Bigender,12/15/2000,Denmark,7/18/2020,772-439-1831
692,Davidson,Dreakin,ddreakinj7@disqus.com,Male,12/4/2000,Japan,11/8/2020,401-478-2519
693,Verge,Edy,vedyj8@barnesandnoble.com,Male,1/23/2000,Russia,8/8/2020,471-888-4793
694,Ailbert,Vampouille,avampouillej9@yellowbook.com,Genderfluid,11/9/2001,France,2/10/2021,521-746-5745
695,Gwenneth,Pawelec,gpawelecja@tuttocitta.it,Genderfluid,3/12/2000,China,5/14/2021,144-534-2044
696,Etty,Loudian,eloudianjb@washington.edu,Polygender,10/25/2001,Israel,5/4/2020,991-929-0094
697,Sibyl,Fairbourne,sfairbournejc@shutterfly.com,Genderfluid,5/20/2001,China,2/9/2020,369-892-4340
698,Betta,Landsberg,blandsbergjd@pbs.org,Male,4/26/2001,Ukraine,3/23/2021,800-287-9210
699,Jedediah,Bartelet,jbarteletje@dailymotion.com,Bigender,8/25/2000,China,3/3/2021,391-100-1066
700,Simon,Bowart,sbowartjf@sciencedaily.com,Genderfluid,1/5/2000,Sri Lanka,9/3/2020,306-467-2883
701,Madalyn,Drysdale,mdrysdalejg@typepad.com,Agender,10/21/2000,Syria,4/16/2020,209-215-8008
702,Delcina,Drewitt,ddrewittjh@simplemachines.org,Genderfluid,11/9/2000,Czech Republic,3/17/2020,382-511-5399
703,Jayne,Leaburn,jleaburnji@booking.com,Bigender,5/13/2000,Indonesia,12/21/2020,925-321-8312
704,Leanora,Milligan,lmilliganjj@furl.net,Non-binary,10/16/2001,China,11/26/2020,487-732-5031
705,Mikkel,Pavlasek,mpavlasekjk@yellowbook.com,Genderfluid,6/1/2000,Canada,4/2/2020,257-250-4444
706,Corrina,Folling,cfollingjl@va.gov,Non-binary,11/15/2000,China,6/28/2021,579-797-1628
707,Rachele,Shilleto,rshilletojm@wordpress.org,Female,10/28/2000,Kyrgyzstan,9/12/2020,288-270-5262
708,Sheila,Routledge,sroutledgejn@macromedia.com,Genderqueer,1/13/2001,Swaziland,1/12/2021,243-597-1203
709,Les,Sebley,lsebleyjo@yellowbook.com,Female,6/26/2000,China,9/16/2020,984-911-3270
710,Augie,Grestie,agrestiejp@berkeley.edu,Female,4/28/2000,Thailand,3/22/2020,207-769-4354
711,Yul,Goublier,ygoublierjq@arstechnica.com,Non-binary,10/9/2001,Honduras,1/5/2020,115-639-0861
712,Kimberlyn,Nadin,knadinjr@desdev.cn,Agender,8/10/2000,Nicaragua,9/22/2020,350-737-7646
713,Chilton,Campkin,ccampkinjs@blogger.com,Male,9/18/2001,Belarus,4/7/2020,961-493-8700
714,Baldwin,Schwartz,bschwartzjt@jimdo.com,Bigender,7/1/2000,China,1/18/2021,968-823-5055
715,Benedikta,Lannin,blanninju@jalbum.net,Genderfluid,5/30/2000,Bolivia,3/9/2020,919-255-5339
716,Anneliese,De Wolfe,adewolfejv@umich.edu,Female,10/6/2001,Philippines,8/3/2020,901-517-9445
717,Paulie,Houselee,phouseleejw@hibu.com,Genderfluid,12/15/2000,Japan,12/8/2020,718-869-1412
718,Bobbie,Marquese,bmarquesejx@fda.gov,Polygender,7/26/2001,Benin,6/17/2021,498-577-3848
719,Bobbie,Bownes,bbownesjy@spotify.com,Genderfluid,2/24/2001,Kosovo,3/9/2021,285-711-8125
720,Manya,Bealing,mbealingjz@buzzfeed.com,Non-binary,3/26/2001,Indonesia,4/28/2020,699-118-7309
721,Rita,Polley,rpolleyk0@livejournal.com,Genderfluid,5/31/2000,Indonesia,10/10/2020,204-934-1812
722,Lorraine,Caulkett,lcaulkettk1@ucla.edu,Bigender,1/25/2000,Ukraine,5/24/2020,169-337-5566
723,Rosemarie,Van den Oord,rvandenoordk2@umn.edu,Non-binary,2/2/2001,Russia,1/17/2021,633-603-7066
724,Joann,Fairbeard,jfairbeardk3@cnn.com,Male,2/22/2000,Croatia,9/12/2020,961-345-6671
725,Sollie,Rault,sraultk4@blog.com,Female,3/16/2000,Belarus,2/27/2021,612-136-1893
726,Berthe,O'Mara,bomarak5@wired.com,Polygender,9/8/2000,France,6/23/2020,868-515-0129
727,Kristel,Cakes,kcakesk6@sbwire.com,Agender,8/21/2001,China,12/25/2020,690-238-7302
728,Phylis,Pumfrey,ppumfreyk7@printfriendly.com,Genderqueer,3/4/2000,China,5/13/2021,255-653-0306
729,Alikee,Orpin,aorpink8@imgur.com,Non-binary,5/16/2001,Mexico,2/9/2021,465-478-4335
730,Kirstin,Stradling,kstradlingk9@networksolutions.com,Genderfluid,4/17/2000,Colombia,9/7/2020,762-515-9566
731,Eleanore,Billison,ebillisonka@dyndns.org,Non-binary,11/28/2000,Guinea,5/2/2021,135-789-1182
732,Leon,Oehm,loehmkb@bing.com,Polygender,8/26/2000,Italy,11/9/2020,460-180-3324
733,Vivie,McVeagh,vmcveaghkc@edublogs.org,Agender,7/23/2001,Angola,6/28/2020,405-827-1129
734,Hardy,d' Elboux,hdelbouxkd@google.ca,Polygender,1/4/2000,Germany,5/2/2020,364-597-7921
735,Teri,Davidesco,tdavidescoke@bloglovin.com,Agender,1/10/2001,Saint Kitts and Nevis,1/23/2021,465-939-2061
736,Willy,Stritton,wstrittonkf@microsoft.com,Genderqueer,6/9/2000,China,7/13/2020,812-520-1945
737,Sheila,Issatt,sissattkg@liveinternet.ru,Agender,4/9/2000,Moldova,1/13/2021,739-394-7200
738,Flem,Shergold,fshergoldkh@sakura.ne.jp,Male,2/1/2001,China,2/25/2021,384-509-5031
739,Adelle,Alderwick,aalderwickki@unicef.org,Genderqueer,5/30/2000,Macedonia,12/6/2020,968-290-2706
740,Rubie,Sheron,rsheronkj@freewebs.com,Polygender,7/2/2000,China,11/3/2020,518-704-7079
741,Faustina,Vasic,fvasickk@comsenz.com,Polygender,1/25/2000,China,7/31/2020,683-691-4503
742,Alex,Wortley,awortleykl@jalbum.net,Polygender,5/11/2000,Taiwan,6/4/2021,335-949-4658
743,Euell,Drust,edrustkm@hugedomains.com,Male,8/31/2001,Russia,6/5/2020,257-531-2464
744,Lauryn,Pawfoot,lpawfootkn@imageshack.us,Polygender,9/24/2001,Portugal,11/23/2020,638-867-6283
745,Norby,Coytes,ncoytesko@elpais.com,Female,1/28/2001,China,7/7/2020,394-222-7340
746,Kikelia,Zieme,kziemekp@zimbio.com,Agender,9/25/2000,United States,3/28/2020,336-299-5386
747,Alleen,Slowan,aslowankq@e-recht24.de,Non-binary,12/7/2001,Brazil,11/30/2020,824-288-4307
748,Emerson,Eltun,eeltunkr@ftc.gov,Female,4/11/2001,Japan,1/1/2021,323-894-3317
749,Viviyan,Cawthera,vcawtheraks@google.com.br,Genderfluid,2/20/2001,Indonesia,6/28/2020,406-943-2908
750,Xavier,Groll,xgrollkt@nbcnews.com,Genderqueer,1/8/2000,Tunisia,5/16/2021,832-999-7894
751,Law,Divell,ldivellku@yandex.ru,Non-binary,6/15/2000,Philippines,7/10/2020,271-783-4515
752,Aldus,O'Tuohy,aotuohykv@ow.ly,Male,6/13/2001,Indonesia,2/17/2020,661-504-3354
753,Lenci,Burnet,lburnetkw@ftc.gov,Female,5/4/2001,China,11/5/2020,193-877-7936
754,Vladimir,Scrimshaw,vscrimshawkx@foxnews.com,Male,10/27/2000,Greece,8/14/2020,363-892-8800
755,Vita,Paolucci,vpaolucciky@springer.com,Male,8/3/2001,China,4/13/2020,228-746-4401
756,Janeen,Saxelby,jsaxelbykz@xrea.com,Genderqueer,11/2/2001,Philippines,6/4/2020,957-670-9981
757,Ara,Caveau,acaveaul0@usatoday.com,Genderqueer,12/4/2001,Philippines,5/5/2021,230-955-3741
758,Jefferson,Abramov,jabramovl1@narod.ru,Agender,9/30/2000,China,7/13/2020,767-819-9472
759,Kingsley,Cockerton,kcockertonl2@cnbc.com,Male,9/10/2001,Greece,4/28/2021,830-490-3979
760,Lonnard,Whitehead,lwhiteheadl3@umich.edu,Genderqueer,8/24/2000,Sweden,5/16/2020,847-834-5684
761,Ruthann,Morman,rmormanl4@prlog.org,Male,12/8/2001,Japan,1/4/2021,630-515-1317
762,Jonathon,Grocott,jgrocottl5@quantcast.com,Non-binary,2/11/2001,Iran,8/12/2020,654-414-1034
763,Roobbie,Johl,rjohll6@pbs.org,Male,12/22/2001,Afghanistan,9/28/2020,788-699-7548
764,Alyda,Livick,alivickl7@artisteer.com,Polygender,4/28/2001,Russia,12/12/2020,540-273-6398
765,Norby,Ingrey,ningreyl8@discuz.net,Non-binary,9/15/2001,Colombia,3/24/2020,804-517-2356
766,Dru,Mundwell,dmundwelll9@nytimes.com,Genderfluid,3/9/2000,China,10/23/2020,318-603-0867
767,Konstanze,Torpie,ktorpiela@cmu.edu,Polygender,7/30/2001,Portugal,1/4/2021,286-853-5083
768,Geraldine,Slimings,gslimingslb@phpbb.com,Agender,1/22/2000,Brazil,10/9/2020,106-423-4322
769,Haskel,Allberry,hallberrylc@quantcast.com,Genderqueer,9/15/2000,Indonesia,9/21/2020,165-819-1693
770,Ilka,Tincombe,itincombeld@time.com,Female,11/6/2000,Croatia,12/4/2020,457-557-5199
771,Ali,Gouldthorpe,agouldthorpele@cam.ac.uk,Bigender,2/26/2001,Thailand,2/7/2021,956-926-0901
772,Rosemonde,MacAndreis,rmacandreislf@about.com,Female,12/21/2001,Chile,5/7/2020,505-981-7878
773,Pansie,Allsopp,pallsopplg@google.cn,Genderqueer,1/2/2000,Poland,7/10/2020,940-593-5098
774,Raffaello,Wreak,rwreaklh@ted.com,Female,6/12/2001,Philippines,1/12/2020,346-640-3184
775,Skippie,Marians,smariansli@slashdot.org,Bigender,6/27/2001,Indonesia,5/7/2020,467-687-2271
776,Lief,Joberne,ljobernelj@hubpages.com,Non-binary,8/26/2001,China,6/23/2020,594-502-1616
777,Bettine,Cornish,bcornishlk@noaa.gov,Agender,8/18/2000,China,7/19/2020,898-615-8935
778,Anett,Desaur,adesaurll@un.org,Agender,5/16/2000,Argentina,6/26/2021,639-931-0754
779,Ninnetta,Skaid,nskaidlm@purevolume.com,Male,11/14/2001,Indonesia,1/29/2021,797-655-6076
780,Mel,Hyndman,mhyndmanln@apple.com,Genderfluid,8/9/2001,China,7/1/2020,278-179-5968
781,Fran,Tyres,ftyreslo@patch.com,Agender,4/29/2001,Portugal,5/6/2021,357-586-6983
782,Kristoforo,Spada,kspadalp@so-net.ne.jp,Non-binary,11/13/2000,Portugal,4/18/2020,984-219-3562
783,Cornelle,Craig,ccraiglq@webeden.co.uk,Non-binary,8/24/2001,Afghanistan,10/31/2020,805-968-8491
784,Anatollo,Heaford,aheafordlr@ocn.ne.jp,Non-binary,7/2/2001,Albania,5/26/2020,476-252-4767
785,Hamnet,Crosskill,hcrosskillls@slashdot.org,Bigender,10/9/2001,Sweden,1/1/2020,499-230-5724
786,Leighton,Bonifazio,lbonifaziolt@forbes.com,Genderfluid,2/24/2000,Thailand,2/28/2021,563-946-0157
787,Marsh,Barrar,mbarrarlu@reverbnation.com,Female,1/23/2000,Tajikistan,11/22/2020,880-536-1616
788,Malanie,Petracek,mpetraceklv@gravatar.com,Genderqueer,4/22/2000,Indonesia,4/15/2020,254-317-2242
789,Tod,Stileman,tstilemanlw@yale.edu,Polygender,1/4/2000,China,5/4/2021,327-201-4107
790,Claudetta,Mattevi,cmattevilx@istockphoto.com,Female,6/29/2001,Luxembourg,4/17/2020,868-395-0376
791,Mora,Neasham,mneashamly@wisc.edu,Agender,10/1/2001,Peru,1/5/2021,664-114-9156
792,Alikee,Drei,adreilz@examiner.com,Non-binary,4/28/2001,China,4/10/2021,784-635-1629
793,Fawne,Gouldstone,fgouldstonem0@mapy.cz,Bigender,9/27/2001,China,2/25/2021,367-306-9119
794,Drona,Crasford,dcrasfordm1@infoseek.co.jp,Female,6/26/2001,China,2/4/2021,939-311-2399
795,Dino,Dunston,ddunstonm2@cbc.ca,Genderqueer,7/6/2001,China,8/8/2020,290-189-0518
796,Mayne,MacTrusty,mmactrustym3@istockphoto.com,Agender,10/6/2000,Iran,3/8/2021,357-947-3803
797,Eldredge,Leddy,eleddym4@tinypic.com,Polygender,3/13/2001,China,3/10/2020,886-776-8449
798,Harold,Ciccotto,hciccottom5@blogger.com,Female,10/30/2001,Brazil,5/26/2020,999-415-0957
799,Gav,Bannon,gbannonm6@vinaora.com,Bigender,1/3/2000,Iran,6/20/2021,493-926-5670
800,Heidie,Mugridge,hmugridgem7@engadget.com,Agender,8/5/2000,Philippines,3/16/2020,439-907-1613
801,Netty,McCluin,nmccluinm8@psu.edu,Male,9/28/2000,Ukraine,3/15/2020,977-590-0590
802,Annabella,Halladey,ahalladeym9@springer.com,Male,11/4/2001,South Korea,1/9/2021,288-476-4898
803,Rafaela,Handrok,rhandrokma@unesco.org,Bigender,10/19/2000,Cameroon,7/12/2020,306-258-1454
804,Myrilla,Furby,mfurbymb@opensource.org,Genderfluid,1/16/2000,China,9/17/2020,439-286-6153
805,Marabel,Kingsnod,mkingsnodmc@nytimes.com,Non-binary,2/29/2000,Mexico,3/22/2020,357-771-4840
806,Frank,Nicholl,fnichollmd@xing.com,Female,7/3/2001,Poland,3/20/2021,496-534-5671
807,Marylynne,Bullas,mbullasme@theglobeandmail.com,Female,8/19/2001,China,7/9/2020,236-870-3630
808,Lenka,Jouhan,ljouhanmf@i2i.jp,Female,2/4/2000,Russia,7/29/2020,276-366-1150
809,Caritta,Dominy,cdominymg@nih.gov,Genderqueer,11/12/2000,China,9/28/2020,225-936-3258
810,Sibley,Curlis,scurlismh@fastcompany.com,Bigender,10/14/2001,Myanmar,5/29/2021,626-748-1782
811,Saul,Thorp,sthorpmi@fema.gov,Female,3/16/2001,Sweden,7/26/2020,178-173-8616
812,Andra,Rosenkrantz,arosenkrantzmj@home.pl,Genderfluid,2/6/2000,Russia,4/4/2020,380-591-3740
813,Bendicty,Sleet,bsleetmk@friendfeed.com,Agender,7/20/2000,China,2/22/2020,797-129-6672
814,Sindee,Peret,speretml@shop-pro.jp,Genderfluid,12/9/2000,Philippines,4/3/2021,726-940-3868
815,Bobby,Brabyn,bbrabynmm@live.com,Female,6/7/2000,Cuba,11/2/2020,114-565-3383
816,Francene,Ceccoli,fceccolimn@deliciousdays.com,Genderfluid,5/19/2000,Russia,7/20/2020,938-493-4608
817,Kipp,Aicheson,kaichesonmo@nhs.uk,Genderqueer,10/4/2001,Honduras,9/17/2020,898-484-3806
818,Sandro,Olorenshaw,solorenshawmp@lycos.com,Female,8/5/2000,Canada,2/23/2021,588-704-9884
819,Denis,Bernhardi,dbernhardimq@weather.com,Polygender,3/14/2000,Mongolia,1/25/2021,129-312-5441
820,Gert,Romaint,gromaintmr@histats.com,Genderfluid,11/14/2000,Indonesia,1/30/2020,237-809-6447
821,Britni,Siaspinski,bsiaspinskims@sohu.com,Genderfluid,2/16/2001,Portugal,9/10/2020,785-590-9086
822,Ax,Fairhurst,afairhurstmt@tmall.com,Male,12/20/2001,Indonesia,2/17/2021,457-149-6686
823,Sella,Harsum,sharsummu@symantec.com,Agender,8/7/2000,Russia,11/7/2020,656-104-0612
824,Trude,Buchett,tbuchettmv@imgur.com,Female,6/26/2001,Indonesia,3/15/2020,504-346-1030
825,Robinet,Gabel,rgabelmw@gnu.org,Male,12/21/2000,Ukraine,2/14/2020,834-385-7262
826,Vinni,Whate,vwhatemx@cornell.edu,Genderqueer,6/19/2001,Sweden,11/22/2020,491-347-1890
827,Cathy,Theuss,ctheussmy@altervista.org,Female,11/23/2000,Russia,10/14/2020,576-507-3802
828,Grazia,Chiplen,gchiplenmz@berkeley.edu,Male,8/12/2000,China,6/19/2020,920-356-8232
829,Clayson,Burden,cburdenn0@twitter.com,Female,3/25/2000,Indonesia,2/1/2020,296-545-1598
830,Goran,Cahalin,gcahalinn1@rakuten.co.jp,Female,2/3/2000,Indonesia,2/24/2021,606-648-3820
831,Genni,Common,gcommonn2@abc.net.au,Agender,1/9/2001,China,3/14/2020,460-818-3182
832,Maisie,Lindeberg,mlindebergn3@fema.gov,Polygender,7/15/2001,Nicaragua,4/30/2020,364-234-9823
833,Anne-marie,Churchard,achurchardn4@senate.gov,Bigender,9/14/2001,France,6/30/2020,911-581-7924
834,Nial,Cockman,ncockmann5@xing.com,Genderfluid,8/10/2000,Croatia,11/7/2020,243-372-8600
835,Wallis,Axe,waxen6@pbs.org,Non-binary,5/31/2001,Peru,4/3/2021,558-157-6590
836,Culley,Treadgall,ctreadgalln7@buzzfeed.com,Genderqueer,9/20/2001,China,7/27/2020,952-813-1743
837,Hunt,Hache,hhachen8@weather.com,Bigender,10/21/2001,France,2/17/2020,228-781-4407
838,Tatiania,Brear,tbrearn9@wired.com,Genderqueer,10/19/2001,France,4/19/2020,938-527-2868
839,Gene,Bence,gbencena@opensource.org,Genderfluid,3/11/2000,Nigeria,1/5/2021,186-881-4805
840,Lelia,Matusson,lmatussonnb@squarespace.com,Genderqueer,4/4/2001,Indonesia,11/15/2020,665-169-7599
841,Nichole,Sabattier,nsabattiernc@yolasite.com,Bigender,7/10/2001,China,3/16/2021,523-229-5927
842,Quinn,Seely,qseelynd@shutterfly.com,Polygender,5/25/2000,Slovenia,1/31/2021,281-740-2209
843,Loy,Surgen,lsurgenne@friendfeed.com,Female,8/5/2000,Canada,1/28/2020,776-847-7605
844,Kerrill,Forsdicke,kforsdickenf@yellowbook.com,Non-binary,11/13/2001,Indonesia,5/28/2021,405-509-1188
845,Cynde,Foxton,cfoxtonng@google.ru,Genderfluid,7/2/2000,China,12/6/2020,437-119-1611
846,Lia,Vanni,lvanninh@drupal.org,Female,1/10/2001,Canada,1/31/2021,337-654-0827
847,Mirella,Polin,mpolinni@sbwire.com,Genderfluid,11/25/2001,Mexico,8/6/2020,960-146-5078
848,Jeniece,Whayman,jwhaymannj@newsvine.com,Bigender,6/23/2001,Uzbekistan,10/24/2020,510-405-0302
849,Murdock,Bowhay,mbowhaynk@photobucket.com,Non-binary,7/11/2000,Brazil,2/26/2021,323-348-3203
850,Verine,Sumshon,vsumshonnl@sourceforge.net,Non-binary,12/4/2001,China,12/12/2020,492-512-8535
851,Gwenni,Antognoni,gantognoninm@livejournal.com,Polygender,2/27/2000,Mozambique,3/16/2020,895-737-5023
852,Lona,Perel,lperelnn@senate.gov,Polygender,1/7/2000,Philippines,2/28/2021,382-222-2245
853,Bertina,Staddart,bstaddartno@princeton.edu,Genderqueer,4/12/2000,Brazil,2/4/2021,317-920-7528
854,Reider,Beadle,rbeadlenp@moonfruit.com,Male,10/1/2001,Indonesia,12/31/2020,349-591-0885
855,Kass,Edworthye,kedworthyenq@sohu.com,Genderfluid,5/22/2001,Indonesia,8/15/2020,609-141-3875
856,Artemus,Olenov,aolenovnr@usa.gov,Genderfluid,6/15/2001,Philippines,7/21/2020,191-967-5255
857,Erinn,Cowin,ecowinns@hostgator.com,Female,1/13/2000,China,4/18/2020,746-712-4741
858,Ronni,Scamadin,rscamadinnt@who.int,Polygender,1/18/2000,Portugal,5/11/2021,603-357-7308
859,Amitie,Pollie,apollienu@devhub.com,Bigender,5/11/2001,China,9/25/2020,351-148-2653
860,Zora,Hinnerk,zhinnerknv@e-recht24.de,Agender,10/11/2000,Montenegro,2/16/2021,575-962-4215
861,Fidela,Elt,feltnw@soup.io,Genderfluid,4/14/2001,Mexico,9/13/2020,727-976-0427
862,Horten,Ferron,hferronnx@upenn.edu,Bigender,4/20/2001,Ukraine,12/8/2020,489-642-8602
863,Zachery,McPike,zmcpikeny@ucsd.edu,Non-binary,4/10/2000,Poland,1/9/2021,591-904-5583
864,Kattie,Coulter,kcoulternz@edublogs.org,Polygender,8/21/2000,United Kingdom,12/3/2020,883-934-2108
865,Alphonso,Matschek,amatscheko0@youtube.com,Genderfluid,7/19/2001,Russia,6/8/2020,842-536-2065
866,Milka,Giacobbo,mgiacobboo1@imdb.com,Agender,10/23/2000,China,8/21/2020,879-990-0461
867,Eberto,Coudray,ecoudrayo2@loc.gov,Male,10/15/2001,Iran,11/26/2020,432-177-2788
868,Larina,Dioniso,ldionisoo3@arstechnica.com,Male,3/13/2001,Russia,6/11/2021,493-384-9477
869,Catharine,Grogona,cgrogonao4@samsung.com,Genderqueer,4/27/2000,China,11/15/2020,826-582-4728
870,Judah,Finnes,jfinneso5@ycombinator.com,Genderfluid,8/21/2001,China,8/7/2020,561-214-3404
871,Redford,Claeskens,rclaeskenso6@ustream.tv,Agender,5/2/2001,Brazil,4/3/2021,656-412-2511
872,Mitchell,Dilworth,mdilwortho7@wp.com,Polygender,10/24/2001,Benin,6/4/2020,481-980-6593
873,Justine,Elmhurst,jelmhursto8@clickbank.net,Bigender,12/20/2001,Mongolia,9/8/2020,416-765-3812
874,Chas,Stones,cstoneso9@stumbleupon.com,Male,9/7/2000,Philippines,5/19/2021,956-755-1563
875,Corbet,Bletso,cbletsooa@time.com,Female,8/17/2001,Russia,2/21/2020,900-966-3763
876,Felice,Renol,frenolob@un.org,Genderqueer,11/22/2001,Thailand,11/6/2020,171-196-8631
877,Samuele,Addlestone,saddlestoneoc@4shared.com,Male,9/14/2000,Indonesia,7/20/2020,627-516-4243
878,Nikos,Vicarey,nvicareyod@storify.com,Non-binary,6/30/2000,Bangladesh,5/13/2020,701-116-6887
879,Tilda,Skahill,tskahilloe@scribd.com,Agender,9/20/2000,Portugal,1/10/2020,953-505-1113
880,Avictor,Empson,aempsonof@boston.com,Bigender,12/10/2000,Belarus,8/28/2020,582-388-2257
881,Cordi,Averies,caveriesog@arizona.edu,Bigender,2/23/2000,Mexico,5/11/2020,659-552-5168
882,Juline,Aspinwall,jaspinwalloh@springer.com,Genderfluid,10/29/2001,United States,2/9/2020,513-405-1377
883,Chester,Pidgley,cpidgleyoi@imdb.com,Male,1/2/2000,Egypt,1/8/2020,889-761-2071
884,Jacquenette,Balazs,jbalazsoj@gizmodo.com,Genderqueer,8/15/2001,China,10/14/2020,486-670-7563
885,Nicol,Wathey,nwatheyok@posterous.com,Genderfluid,9/12/2000,Greece,4/14/2021,217-905-2685
886,Wynny,Laherty,wlahertyol@harvard.edu,Genderqueer,4/18/2000,China,11/29/2020,476-772-8986
887,Cornell,Midgely,cmidgelyom@slate.com,Genderqueer,3/31/2001,China,9/5/2020,818-613-6944
888,Lemar,Weddell,lweddellon@mac.com,Bigender,2/12/2001,Philippines,10/4/2020,805-626-0900
889,Bernie,O' Liddy,boliddyoo@wordpress.org,Polygender,3/19/2001,Greece,1/29/2020,440-461-0821
890,Sigfrid,Passfield,spassfieldop@lycos.com,Non-binary,4/18/2000,Indonesia,3/10/2021,564-472-5715
891,Norby,Molloy,nmolloyoq@spotify.com,Female,10/23/2000,China,3/28/2020,130-514-9172
892,Eden,Gritskov,egritskovor@constantcontact.com,Polygender,10/6/2000,Mexico,3/13/2021,356-980-4647
893,Gates,Skillett,gskillettos@ow.ly,Polygender,3/16/2001,Russia,1/7/2020,914-877-4566
894,Augustina,Iston,aistonot@guardian.co.uk,Agender,5/12/2001,Brazil,5/28/2020,566-863-3089
895,Izabel,Garnsworthy,igarnsworthyou@msu.edu,Female,10/7/2000,Albania,4/15/2021,127-869-9475
896,Clari,Korbmaker,ckorbmakerov@cbc.ca,Agender,8/9/2000,Kazakhstan,1/2/2021,921-822-8492
897,Gabbey,Wastall,gwastallow@merriam-webster.com,Polygender,3/28/2001,China,3/9/2020,285-770-9124
898,Bab,Hambatch,bhambatchox@slate.com,Polygender,1/28/2000,Czech Republic,8/17/2020,694-780-9261
899,Guillermo,Hakonsson,ghakonssonoy@ibm.com,Agender,9/5/2001,Indonesia,10/12/2020,235-551-1826
900,Dalia,Ebdin,debdinoz@yolasite.com,Non-binary,7/17/2000,Colombia,1/24/2020,756-372-4493
901,Nancy,Mariner,nmarinerp0@theguardian.com,Bigender,11/5/2001,Russia,4/29/2021,630-652-2997
902,Janice,Fidell,jfidellp1@acquirethisname.com,Polygender,10/7/2000,Brazil,6/6/2020,400-758-7136
903,Fredrick,Boother,fbootherp2@soundcloud.com,Agender,5/9/2000,China,4/1/2021,202-200-9350
904,Cassius,Mearns,cmearnsp3@sciencedirect.com,Non-binary,7/19/2001,France,5/6/2021,145-743-8513
905,Onida,Bearward,obearwardp4@engadget.com,Genderqueer,6/24/2000,China,2/4/2020,327-937-7396
906,Jerrold,Seaborne,jseabornep5@wired.com,Non-binary,7/24/2001,Brazil,8/6/2020,636-211-4386
907,Eduino,Hardstaff,ehardstaffp6@japanpost.jp,Bigender,6/18/2001,China,1/19/2020,378-125-9372
908,Annamaria,Oneil,aoneilp7@alibaba.com,Female,11/13/2000,Philippines,10/2/2020,108-853-2769
909,Patty,Ruhben,pruhbenp8@instagram.com,Female,5/19/2001,Portugal,5/6/2020,285-636-4432
910,Debor,Sleep,dsleepp9@bing.com,Female,3/20/2001,Ethiopia,6/26/2020,802-293-0598
911,Lucinda,Philcott,lphilcottpa@techcrunch.com,Agender,2/17/2000,Russia,6/9/2020,185-956-9545
912,Gill,Hoggan,ghogganpb@oracle.com,Bigender,2/1/2000,Indonesia,3/12/2020,649-966-9269
913,Eleanor,Ludovico,eludovicopc@mashable.com,Polygender,7/12/2000,Russia,1/8/2020,485-945-8977
914,Pru,Govett,pgovettpd@yandex.ru,Polygender,10/19/2001,China,12/27/2020,527-406-3817
915,Cornelle,Klee,ckleepe@etsy.com,Genderfluid,11/4/2001,Croatia,10/16/2020,521-145-4478
916,Molli,Bellham,mbellhampf@fema.gov,Genderqueer,10/20/2001,Indonesia,12/10/2020,608-970-5189
917,Sharyl,Elizabeth,selizabethpg@163.com,Agender,12/31/2000,Argentina,2/6/2020,573-469-6589
918,Wallache,Luckham,wluckhamph@webeden.co.uk,Non-binary,1/20/2001,Poland,12/6/2020,579-517-6226
919,Kristian,Village,kvillagepi@economist.com,Female,3/10/2001,Portugal,4/20/2020,207-468-4033
920,Ashien,Blemen,ablemenpj@illinois.edu,Male,6/10/2000,Mexico,2/13/2020,198-430-3674
921,Kameko,Werner,kwernerpk@sitemeter.com,Genderfluid,6/11/2000,Poland,6/8/2021,581-983-7841
922,Urson,Iverson,uiversonpl@bigcartel.com,Genderqueer,8/30/2001,China,6/19/2021,955-928-0770
923,Petunia,Millichip,pmillichippm@utexas.edu,Agender,9/19/2001,Sweden,7/19/2020,736-709-0653
924,Reena,Stuttard,rstuttardpn@prnewswire.com,Agender,10/23/2000,Russia,3/30/2020,156-396-8661
925,Clim,Twidell,ctwidellpo@hatena.ne.jp,Male,12/16/2000,Russia,6/23/2021,965-158-6036
926,Germayne,Blackstock,gblackstockpp@weebly.com,Male,8/3/2001,Serbia,5/20/2021,970-881-5367
927,Louise,Traice,ltraicepq@java.com,Non-binary,2/5/2000,China,7/10/2020,876-658-8645
928,Rubina,Claussen,rclaussenpr@squidoo.com,Non-binary,3/12/2000,China,11/4/2020,214-524-2754
929,Nanette,Culham,nculhamps@parallels.com,Polygender,10/27/2000,Russia,4/27/2020,942-502-4280
930,Anthia,Organer,aorganerpt@msn.com,Female,11/2/2000,Indonesia,6/4/2021,608-588-4784
931,Donella,Malpas,dmalpaspu@hatena.ne.jp,Male,10/11/2001,Sweden,7/16/2020,382-574-0985
932,Milka,Gianasi,mgianasipv@java.com,Genderfluid,5/5/2001,Nicaragua,6/11/2021,905-441-8284
933,Bevan,Christal,bchristalpw@google.co.jp,Polygender,5/28/2000,Colombia,9/25/2020,896-208-0778
934,Ginny,Farquarson,gfarquarsonpx@privacy.gov.au,Bigender,1/16/2000,China,4/8/2020,193-698-3266
935,Brenda,Fursse,bfurssepy@scribd.com,Genderfluid,7/27/2001,Indonesia,12/19/2020,443-539-7809
936,Bay,Bather,bbatherpz@blogger.com,Polygender,6/28/2001,China,5/20/2020,607-190-9192
937,Thom,Hayto,thaytoq0@samsung.com,Genderqueer,9/30/2000,Portugal,12/7/2020,652-802-3756
938,Farrand,Curreen,fcurreenq1@csmonitor.com,Polygender,5/16/2000,Madagascar,5/4/2020,437-349-8878
939,Dodi,Feedome,dfeedomeq2@infoseek.co.jp,Genderqueer,7/10/2000,Thailand,5/14/2021,658-482-8680
940,Camey,Riggey,criggeyq3@wiley.com,Agender,8/16/2000,China,5/29/2020,134-275-1547
941,Della,Meedendorpe,dmeedendorpeq4@java.com,Agender,9/3/2000,China,4/26/2020,256-915-4002
942,Cazzie,Tippings,ctippingsq5@seesaa.net,Non-binary,6/11/2001,Czech Republic,10/27/2020,584-710-6705
943,Jelene,McPhilip,jmcphilipq6@squidoo.com,Female,12/6/2000,Portugal,4/11/2020,640-411-7182
944,Cornelle,O'Regan,coreganq7@livejournal.com,Genderqueer,2/23/2000,Indonesia,12/25/2020,938-894-3160
945,Ileane,Ouslem,iouslemq8@homestead.com,Agender,2/21/2001,China,8/2/2020,478-514-1617
946,Bartel,Doughty,bdoughtyq9@ftc.gov,Genderqueer,11/24/2000,Sweden,5/31/2020,440-512-2287
947,Cordy,Dugue,cdugueqa@twitter.com,Bigender,10/4/2001,Nicaragua,3/9/2020,753-812-9345
948,Hephzibah,Spadelli,hspadelliqb@nbcnews.com,Non-binary,2/18/2001,China,3/16/2021,952-436-3518
949,Bendick,Crauford,bcraufordqc@amazon.com,Genderqueer,6/19/2001,Indonesia,1/9/2020,983-543-8590
950,Carolina,Troutbeck,ctroutbeckqd@vkontakte.ru,Genderfluid,11/22/2000,Israel,2/2/2020,532-510-3206
951,Juan,Ossenna,jossennaqe@opera.com,Female,5/24/2001,United States,10/14/2020,619-900-8504
952,Cody,Vedeshkin,cvedeshkinqf@w3.org,Bigender,2/25/2001,China,3/13/2021,535-124-3363
953,Bryn,Lawton,blawtonqg@istockphoto.com,Genderfluid,10/23/2000,El Salvador,2/23/2021,299-702-8630
954,Corrianne,Taffrey,ctaffreyqh@about.me,Male,12/29/2001,Japan,5/15/2020,116-520-7485
955,Philip,Crowne,pcrowneqi@fema.gov,Non-binary,8/9/2000,Democratic Republic of the Congo,7/20/2020,606-112-1291
956,Humfrid,Wilshaw,hwilshawqj@last.fm,Agender,12/28/2001,Afghanistan,3/11/2020,241-241-2765
957,Ilise,Brunelleschi,ibrunelleschiqk@sina.com.cn,Polygender,9/5/2000,China,3/22/2021,679-773-1561
958,Rod,Nussii,rnussiiql@weather.com,Genderfluid,12/29/2000,Indonesia,10/3/2020,934-574-3774
959,Barbaraanne,Chesterton,bchestertonqm@thetimes.co.uk,Agender,1/31/2001,Azerbaijan,12/5/2020,382-879-4597
960,Germain,Ducarne,gducarneqn@ifeng.com,Polygender,7/12/2001,Czech Republic,7/26/2020,351-762-3306
961,Page,Bruckman,pbruckmanqo@hc360.com,Polygender,12/2/2000,Guatemala,6/17/2021,992-183-4151
962,Cord,Grass,cgrassqp@indiegogo.com,Polygender,8/30/2001,China,3/5/2020,155-203-0176
963,Obed,Byng,obyngqq@cbc.ca,Agender,5/30/2000,China,1/17/2020,198-366-5099
964,Tades,Vequaud,tvequaudqr@51.la,Genderqueer,12/9/2000,Honduras,8/5/2020,565-745-7735
965,Junette,Cussen,jcussenqs@goo.gl,Male,3/24/2001,France,5/3/2021,505-155-2185
966,Rooney,Axtell,raxtellqt@cloudflare.com,Female,12/24/2000,Philippines,9/16/2020,432-696-4752
967,Marlon,Hazel,mhazelqu@taobao.com,Polygender,3/26/2000,Czech Republic,4/9/2020,927-595-1421
968,Lonnard,Bernardotte,lbernardotteqv@ning.com,Non-binary,10/10/2000,France,5/26/2021,133-289-6274
969,Emogene,Pawley,epawleyqw@instagram.com,Polygender,1/21/2001,Mexico,1/28/2020,752-835-0461
970,Leone,Adenot,ladenotqx@sbwire.com,Non-binary,3/21/2000,Peru,6/30/2020,571-962-1398
971,Jacquetta,Keays,jkeaysqy@whitehouse.gov,Genderqueer,7/25/2001,Russia,1/15/2021,777-994-9969
972,Martynne,Strasse,mstrasseqz@imdb.com,Agender,1/30/2000,Albania,1/28/2020,440-428-1113
973,Aindrea,Spier,aspierr0@facebook.com,Male,8/23/2001,China,10/2/2020,381-148-5306
974,Marga,Streeten,mstreetenr1@wiley.com,Non-binary,4/12/2001,Indonesia,12/23/2020,913-645-3415
975,Baird,Massow,bmassowr2@state.gov,Non-binary,5/20/2001,Brazil,5/3/2021,266-192-2803
976,Lief,Bertie,lbertier3@bluehost.com,Male,11/29/2000,China,7/27/2020,384-496-9014
977,Darb,Gruszecki,dgruszeckir4@google.cn,Female,2/22/2001,China,9/26/2020,968-939-0773
978,Jameson,Conway,jconwayr5@miitbeian.gov.cn,Polygender,6/28/2000,Indonesia,12/8/2020,443-577-3802
979,Brok,Jacquemet,bjacquemetr6@dyndns.org,Agender,1/30/2001,China,4/24/2020,827-691-6409
980,Klarika,Radki,kradkir7@tinyurl.com,Genderqueer,7/19/2000,Norway,9/2/2020,682-811-7707
981,Dot,Shillabear,dshillabearr8@qq.com,Bigender,11/20/2000,Russia,9/21/2020,125-819-8410
982,Jenelle,Pitrelli,jpitrellir9@nifty.com,Genderqueer,9/13/2000,Indonesia,6/16/2021,998-916-6826
983,Misha,Houchin,mhouchinra@tamu.edu,Bigender,3/22/2000,Philippines,3/21/2021,697-960-7291
984,Kellsie,MacGregor,kmacgregorrb@mysql.com,Non-binary,5/3/2001,Brazil,3/25/2021,651-146-7251
985,Daisie,Jerrom,djerromrc@myspace.com,Polygender,4/7/2001,China,6/30/2021,515-203-0244
986,Cleo,Cliburn,ccliburnrd@cmu.edu,Polygender,9/15/2001,China,9/17/2020,835-549-9929
987,Rosalind,Eldon,reldonre@ow.ly,Non-binary,3/7/2000,China,2/15/2021,982-382-1519
988,Galvin,Jarrell,gjarrellrf@ow.ly,Bigender,9/21/2001,Brazil,2/15/2020,189-382-8001
989,Xymenes,Withur,xwithurrg@epa.gov,Male,12/20/2001,China,5/17/2021,519-311-8708
990,Trudi,Whapples,twhapplesrh@hexun.com,Non-binary,7/15/2001,Poland,3/20/2021,960-702-3618
991,Madelene,Coldridge,mcoldridgeri@ft.com,Female,4/20/2001,Mexico,10/28/2020,287-355-5595
992,Saraann,Shead,ssheadrj@tinypic.com,Non-binary,8/10/2001,Peru,8/5/2020,368-265-0886
993,Mora,Rayment,mraymentrk@rakuten.co.jp,Polygender,11/27/2000,Japan,12/13/2020,282-165-4703
994,Free,Rohfsen,frohfsenrl@reuters.com,Female,8/8/2001,Indonesia,9/14/2020,145-760-9731
995,Danya,Weald,dwealdrm@networkadvertising.org,Male,9/16/2000,Sweden,2/6/2020,162-855-3101
996,Darcee,Tideswell,dtideswellrn@chron.com,Non-binary,7/12/2001,Thailand,2/24/2020,180-976-9304
997,Aggie,Thys,athysro@wisc.edu,Agender,4/27/2001,Czech Republic,5/21/2021,385-544-6919
998,Vally,Shelbourne,vshelbournerp@storify.com,Genderqueer,11/19/2001,Portugal,3/31/2020,414-654-1981
999,Verine,Frazer,vfrazerrq@privacy.gov.au,Genderqueer,9/14/2001,Colombia,4/23/2021,471-810-2948
1000,Henriette,Abramzon,habramzonrr@weebly.com,Male,4/2/2000,Portugal,5/1/2021,247-728-3851
